"","Method","Model","Intercept","Slope","J0","JA","N","Correlation","Power","FWERS","CorMat_Error","No_simulations"
"1","bonf","glm",0.1,0.001,"2","8",100,0,0.0089,0.0022,0,10000
"2","bonf","glm",0.1,0.001,"2","8",100,0.5,0.0077,0.0013,0,10000
"3","bonf","glm",0.1,0.001,"2","8",100,0.9,0.0023,0.0015,0,10000
"4","bonf","glm",0.1,0.025,"2","8",100,0,0.0227,0.0016,0,10000
"5","bonf","glm",0.1,0.025,"2","8",100,0.5,0.02,0.002,0,10000
"6","bonf","glm",0.1,0.025,"2","8",100,0.9,0.0086,0.0023,0,10000
"7","bonf","glm",0.1,0.05,"2","8",100,0,0.0664,0.0022,0,10000
"8","bonf","glm",0.1,0.05,"2","8",100,0.5,0.0494,0.0015,0,10000
"9","bonf","glm",0.1,0.05,"2","8",100,0.9,0.0223,0.0011,0,10000
"10","bonf","glm",0.1,0.075,"2","8",100,0,0.1758,0.0022,0,10000
"11","bonf","glm",0.1,0.075,"2","8",100,0.5,0.1131,0.002,0,10000
"12","bonf","glm",0.1,0.075,"2","8",100,0.9,0.0489,0.0022,0,10000
"13","bonf","glm",0.1,0.1,"2","8",100,0,0.3626,0.0017,0,10000
"14","bonf","glm",0.1,0.1,"2","8",100,0.5,0.2297,0.0023,0,10000
"15","bonf","glm",0.1,0.1,"2","8",100,0.9,0.1127,0.0012,0,10000
"16","bonf","glm",0.1,0.125,"2","8",100,0,0.6421,0.002,0,10000
"17","bonf","glm",0.1,0.125,"2","8",100,0.5,0.4158,0.0025,0,10000
"18","bonf","glm",0.1,0.125,"2","8",100,0.9,0.2306,0.0012,0,10000
"19","bonf","glm",0.1,0.15,"2","8",100,0,0.8769,0.002,0,10000
"20","bonf","glm",0.1,0.15,"2","8",100,0.5,0.6162,0.0019,0,10000
"21","bonf","glm",0.1,0.15,"2","8",100,0.9,0.3799,0.0028,0,10000
"22","bonf","glm",0.1,0.175,"2","8",100,0,0.9821,0.0018,0,10000
"23","bonf","glm",0.1,0.175,"2","8",100,0.5,0.805,0.0018,0,10000
"24","bonf","glm",0.1,0.175,"2","8",100,0.9,0.5533,0.0013,0,10000
"25","bonf","glm",0.1,0.2,"2","8",100,0,0.999,0.0014,0,10000
"26","bonf","glm",0.1,0.2,"2","8",100,0.5,0.9284,0.0018,0,10000
"27","bonf","glm",0.1,0.2,"2","8",100,0.9,0.7383,0.0018,0,10000
"28","bonf","glm",0.1,0.001,"8","2",100,0,0.0019,0.0064,0,10000
"29","bonf","glm",0.1,0.001,"8","2",100,0.5,0.002,0.0072,0,10000
"30","bonf","glm",0.1,0.001,"8","2",100,0.9,0.0012,0.0031,0,10000
"31","bonf","glm",0.1,0.025,"8","2",100,0,0.0042,0.0086,0,10000
"32","bonf","glm",0.1,0.025,"8","2",100,0.5,0.005,0.0076,0,10000
"33","bonf","glm",0.1,0.025,"8","2",100,0.9,0.0044,0.0028,0,10000
"34","bonf","glm",0.1,0.05,"8","2",100,0,0.0161,0.008,0,10000
"35","bonf","glm",0.1,0.05,"8","2",100,0.5,0.0159,0.0064,0,10000
"36","bonf","glm",0.1,0.05,"8","2",100,0.9,0.013,0.0032,0,10000
"37","bonf","glm",0.1,0.075,"8","2",100,0,0.0443,0.0081,0,10000
"38","bonf","glm",0.1,0.075,"8","2",100,0.5,0.0429,0.007,0,10000
"39","bonf","glm",0.1,0.075,"8","2",100,0.9,0.0317,0.0028,0,10000
"40","bonf","glm",0.1,0.1,"8","2",100,0,0.1105,0.0088,0,10000
"41","bonf","glm",0.1,0.1,"8","2",100,0.5,0.0982,0.0075,0,10000
"42","bonf","glm",0.1,0.1,"8","2",100,0.9,0.0711,0.0024,0,10000
"43","bonf","glm",0.1,0.125,"8","2",100,0,0.2262,0.0072,0,10000
"44","bonf","glm",0.1,0.125,"8","2",100,0.5,0.1991,0.007,0,10000
"45","bonf","glm",0.1,0.125,"8","2",100,0.9,0.1559,0.0027,0,10000
"46","bonf","glm",0.1,0.15,"8","2",100,0,0.414,0.0086,0,10000
"47","bonf","glm",0.1,0.15,"8","2",100,0.5,0.3552,0.0058,0,10000
"48","bonf","glm",0.1,0.15,"8","2",100,0.9,0.2816,0.0031,0,10000
"49","bonf","glm",0.1,0.175,"8","2",100,0,0.6392,0.0077,0,10000
"50","bonf","glm",0.1,0.175,"8","2",100,0.5,0.5506,0.0066,0,10000
"51","bonf","glm",0.1,0.175,"8","2",100,0.9,0.4679,0.0025,0,10000
"52","bonf","glm",0.1,0.2,"8","2",100,0,0.8267,0.008,0,10000
"53","bonf","glm",0.1,0.2,"8","2",100,0.5,0.7413,0.0065,0,10000
"54","bonf","glm",0.1,0.2,"8","2",100,0.9,0.6485,0.0032,0,10000
"55","bonf","glm",0.1,0.001,"2","8",200,0,0.0236,0.0044,0,10000
"56","bonf","glm",0.1,0.001,"2","8",200,0.5,0.0197,0.0061,0,10000
"57","bonf","glm",0.1,0.001,"2","8",200,0.9,0.0071,0.0038,0,10000
"58","bonf","glm",0.1,0.025,"2","8",200,0,0.0584,0.0054,0,10000
"59","bonf","glm",0.1,0.025,"2","8",200,0.5,0.0421,0.0041,0,10000
"60","bonf","glm",0.1,0.025,"2","8",200,0.9,0.0194,0.0038,0,10000
"61","bonf","glm",0.1,0.05,"2","8",200,0,0.1768,0.0061,0,10000
"62","bonf","glm",0.1,0.05,"2","8",200,0.5,0.1232,0.004,0,10000
"63","bonf","glm",0.1,0.05,"2","8",200,0.9,0.0575,0.0028,0,10000
"64","bonf","glm",0.1,0.075,"2","8",200,0,0.4434,0.0054,0,10000
"65","bonf","glm",0.1,0.075,"2","8",200,0.5,0.2857,0.0047,0,10000
"66","bonf","glm",0.1,0.075,"2","8",200,0.9,0.1424,0.0042,0,10000
"67","bonf","glm",0.1,0.1,"2","8",200,0,0.7777,0.0043,0,10000
"68","bonf","glm",0.1,0.1,"2","8",200,0.5,0.5207,0.0052,0,10000
"69","bonf","glm",0.1,0.1,"2","8",200,0.9,0.3007,0.0031,0,10000
"70","bonf","glm",0.1,0.125,"2","8",200,0,0.9719,0.0049,0,10000
"71","bonf","glm",0.1,0.125,"2","8",200,0.5,0.7782,0.0042,0,10000
"72","bonf","glm",0.1,0.125,"2","8",200,0.9,0.5277,0.0037,0,10000
"73","bonf","glm",0.1,0.15,"2","8",200,0,0.9995,0.0054,0,10000
"74","bonf","glm",0.1,0.15,"2","8",200,0.5,0.9331,0.0056,0,10000
"75","bonf","glm",0.1,0.15,"2","8",200,0.9,0.7566,0.0042,0,10000
"76","bonf","glm",0.1,0.175,"2","8",200,0,1,0.0052,0,10000
"77","bonf","glm",0.1,0.175,"2","8",200,0.5,0.9896,0.0046,0,10000
"78","bonf","glm",0.1,0.175,"2","8",200,0.9,0.9194,0.0034,0,10000
"79","bonf","glm",0.1,0.2,"2","8",200,0,1,0.006,0,10000
"80","bonf","glm",0.1,0.2,"2","8",200,0.5,0.9991,0.0055,0,10000
"81","bonf","glm",0.1,0.2,"2","8",200,0.9,0.9817,0.0038,0,10000
"82","bonf","glm",0.1,0.001,"8","2",200,0,0.005,0.0199,0,10000
"83","bonf","glm",0.1,0.001,"8","2",200,0.5,0.0062,0.0188,0,10000
"84","bonf","glm",0.1,0.001,"8","2",200,0.9,0.0039,0.0074,0,10000
"85","bonf","glm",0.1,0.025,"8","2",200,0,0.0148,0.022,0,10000
"86","bonf","glm",0.1,0.025,"8","2",200,0.5,0.0129,0.0172,0,10000
"87","bonf","glm",0.1,0.025,"8","2",200,0.9,0.0105,0.0083,0,10000
"88","bonf","glm",0.1,0.05,"8","2",200,0,0.052,0.0198,0,10000
"89","bonf","glm",0.1,0.05,"8","2",200,0.5,0.0436,0.016,0,10000
"90","bonf","glm",0.1,0.05,"8","2",200,0.9,0.0343,0.0085,0,10000
"91","bonf","glm",0.1,0.075,"8","2",200,0,0.1365,0.0222,0,10000
"92","bonf","glm",0.1,0.075,"8","2",200,0.5,0.1102,0.0153,0,10000
"93","bonf","glm",0.1,0.075,"8","2",200,0.9,0.0923,0.0085,0,10000
"94","bonf","glm",0.1,0.1,"8","2",200,0,0.3123,0.0199,0,10000
"95","bonf","glm",0.1,0.1,"8","2",200,0.5,0.2781,0.0187,0,10000
"96","bonf","glm",0.1,0.1,"8","2",200,0.9,0.2239,0.0083,0,10000
"97","bonf","glm",0.1,0.125,"8","2",200,0,0.5824,0.0196,0,10000
"98","bonf","glm",0.1,0.125,"8","2",200,0.5,0.5179,0.0173,0,10000
"99","bonf","glm",0.1,0.125,"8","2",200,0.9,0.4232,0.0079,0,10000
"100","bonf","glm",0.1,0.15,"8","2",200,0,0.8437,0.0178,0,10000
"101","bonf","glm",0.1,0.15,"8","2",200,0.5,0.7657,0.0147,0,10000
"102","bonf","glm",0.1,0.15,"8","2",200,0.9,0.662,0.0072,0,10000
"103","bonf","glm",0.1,0.175,"8","2",200,0,0.9693,0.0198,0,10000
"104","bonf","glm",0.1,0.175,"8","2",200,0.5,0.929,0.0162,0,10000
"105","bonf","glm",0.1,0.175,"8","2",200,0.9,0.8725,0.0079,0,10000
"106","bonf","glm",0.1,0.2,"8","2",200,0,0.9961,0.022,0,10000
"107","bonf","glm",0.1,0.2,"8","2",200,0.5,0.9866,0.0173,0,10000
"108","bonf","glm",0.1,0.2,"8","2",200,0.9,0.9636,0.0072,0,10000
"109","bonf","glm",0.1,0.001,"2","8",400,0,0.0305,0.0085,0,10000
"110","bonf","glm",0.1,0.001,"2","8",400,0.5,0.0232,0.0072,0,10000
"111","bonf","glm",0.1,0.001,"2","8",400,0.9,0.012,0.0048,0,10000
"112","bonf","glm",0.1,0.025,"2","8",400,0,0.1032,0.008,0,10000
"113","bonf","glm",0.1,0.025,"2","8",400,0.5,0.0681,0.0062,0,10000
"114","bonf","glm",0.1,0.025,"2","8",400,0.9,0.0337,0.0046,0,10000
"115","bonf","glm",0.1,0.05,"2","8",400,0,0.3779,0.008,0,10000
"116","bonf","glm",0.1,0.05,"2","8",400,0.5,0.239,0.0069,0,10000
"117","bonf","glm",0.1,0.05,"2","8",400,0.9,0.1178,0.0074,0,10000
"118","bonf","glm",0.1,0.075,"2","8",400,0,0.8172,0.0072,0,10000
"119","bonf","glm",0.1,0.075,"2","8",400,0.5,0.5607,0.0069,0,10000
"120","bonf","glm",0.1,0.075,"2","8",400,0.9,0.3279,0.0045,0,10000
"121","bonf","glm",0.1,0.1,"2","8",400,0,0.9923,0.0068,0,10000
"122","bonf","glm",0.1,0.1,"2","8",400,0.5,0.8652,0.0056,0,10000
"123","bonf","glm",0.1,0.1,"2","8",400,0.9,0.6328,0.0061,0,10000
"124","bonf","glm",0.1,0.125,"2","8",400,0,1,0.008,0,10000
"125","bonf","glm",0.1,0.125,"2","8",400,0.5,0.9834,0.0068,0,10000
"126","bonf","glm",0.1,0.125,"2","8",400,0.9,0.8765,0.0055,0,10000
"127","bonf","glm",0.1,0.15,"2","8",400,0,1,0.0071,0,10000
"128","bonf","glm",0.1,0.15,"2","8",400,0.5,0.9991,0.0055,0,10000
"129","bonf","glm",0.1,0.15,"2","8",400,0.9,0.9802,0.0045,0,10000
"130","bonf","glm",0.1,0.175,"2","8",400,0,1,0.0071,0,10000
"131","bonf","glm",0.1,0.175,"2","8",400,0.5,1,0.0077,0,10000
"132","bonf","glm",0.1,0.175,"2","8",400,0.9,0.9992,0.006,0,10000
"133","bonf","glm",0.1,0.2,"2","8",400,0,1,0.0069,0,10000
"134","bonf","glm",0.1,0.2,"2","8",400,0.5,1,0.0064,0,10000
"135","bonf","glm",0.1,0.2,"2","8",400,0.9,1,0.0049,0,10000
"136","bonf","glm",0.1,0.001,"8","2",400,0,0.0062,0.0293,0,10000
"137","bonf","glm",0.1,0.001,"8","2",400,0.5,0.0081,0.0243,0,10000
"138","bonf","glm",0.1,0.001,"8","2",400,0.9,0.0053,0.013,0,10000
"139","bonf","glm",0.1,0.025,"8","2",400,0,0.0264,0.0262,0,10000
"140","bonf","glm",0.1,0.025,"8","2",400,0.5,0.0233,0.0202,0,10000
"141","bonf","glm",0.1,0.025,"8","2",400,0.9,0.0195,0.0112,0,10000
"142","bonf","glm",0.1,0.05,"8","2",400,0,0.1129,0.0289,0,10000
"143","bonf","glm",0.1,0.05,"8","2",400,0.5,0.1041,0.0222,0,10000
"144","bonf","glm",0.1,0.05,"8","2",400,0.9,0.082,0.0107,0,10000
"145","bonf","glm",0.1,0.075,"8","2",400,0,0.358,0.0309,0,10000
"146","bonf","glm",0.1,0.075,"8","2",400,0.5,0.2932,0.0228,0,10000
"147","bonf","glm",0.1,0.075,"8","2",400,0.9,0.2456,0.0124,0,10000
"148","bonf","glm",0.1,0.1,"8","2",400,0,0.7031,0.0282,0,10000
"149","bonf","glm",0.1,0.1,"8","2",400,0.5,0.6244,0.0223,0,10000
"150","bonf","glm",0.1,0.1,"8","2",400,0.9,0.5236,0.013,0,10000
"151","bonf","glm",0.1,0.125,"8","2",400,0,0.9441,0.0282,0,10000
"152","bonf","glm",0.1,0.125,"8","2",400,0.5,0.8844,0.0253,0,10000
"153","bonf","glm",0.1,0.125,"8","2",400,0.9,0.8221,0.0116,0,10000
"154","bonf","glm",0.1,0.15,"8","2",400,0,0.9973,0.0286,0,10000
"155","bonf","glm",0.1,0.15,"8","2",400,0.5,0.9867,0.0215,0,10000
"156","bonf","glm",0.1,0.15,"8","2",400,0.9,0.9647,0.0108,0,10000
"157","bonf","glm",0.1,0.175,"8","2",400,0,1,0.0313,0,10000
"158","bonf","glm",0.1,0.175,"8","2",400,0.5,0.9991,0.0205,0,10000
"159","bonf","glm",0.1,0.175,"8","2",400,0.9,0.997,0.0118,0,10000
"160","bonf","glm",0.1,0.2,"8","2",400,0,1,0.0274,0,10000
"161","bonf","glm",0.1,0.2,"8","2",400,0.5,1,0.0225,0,10000
"162","bonf","glm",0.1,0.2,"8","2",400,0.9,0.9999,0.0114,0,10000
"163","mmm","glm",0.1,0.001,"2","8",100,0,0.0088,0.0025,0.0013,10000
"164","mmm","glm",0.1,0.001,"2","8",100,0.5,0.0084,0.0022,0.0015,10000
"165","mmm","glm",0.1,0.001,"2","8",100,0.9,0.0114,0.0061,0.0012,10000
"166","mmm","glm",0.1,0.025,"2","8",100,0,0.0217,0.0031,0.0011,10000
"167","mmm","glm",0.1,0.025,"2","8",100,0.5,0.0224,0.0023,8e-04,10000
"168","mmm","glm",0.1,0.025,"2","8",100,0.9,0.0271,0.0071,4e-04,10000
"169","mmm","glm",0.1,0.05,"2","8",100,0,0.0711,0.0023,5e-04,10000
"170","mmm","glm",0.1,0.05,"2","8",100,0.5,0.0628,0.0033,3e-04,10000
"171","mmm","glm",0.1,0.05,"2","8",100,0.9,0.053,0.0065,6e-04,10000
"172","mmm","glm",0.1,0.075,"2","8",100,0,0.1827,0.0022,3e-04,10000
"173","mmm","glm",0.1,0.075,"2","8",100,0.5,0.1428,0.0036,6e-04,10000
"174","mmm","glm",0.1,0.075,"2","8",100,0.9,0.1169,0.0068,4e-04,10000
"175","mmm","glm",0.1,0.1,"2","8",100,0,0.3784,0.0026,6e-04,10000
"176","mmm","glm",0.1,0.1,"2","8",100,0.5,0.2795,0.0026,2e-04,10000
"177","mmm","glm",0.1,0.1,"2","8",100,0.9,0.2174,0.0062,0,10000
"178","mmm","glm",0.1,0.125,"2","8",100,0,0.6462,0.0019,0,10000
"179","mmm","glm",0.1,0.125,"2","8",100,0.5,0.4729,0.0028,2e-04,10000
"180","mmm","glm",0.1,0.125,"2","8",100,0.9,0.3486,0.0054,3e-04,10000
"181","mmm","glm",0.1,0.15,"2","8",100,0,0.882,0.002,2e-04,10000
"182","mmm","glm",0.1,0.15,"2","8",100,0.5,0.6875,0.0033,5e-04,10000
"183","mmm","glm",0.1,0.15,"2","8",100,0.9,0.5266,0.0062,3e-04,10000
"184","mmm","glm",0.1,0.175,"2","8",100,0,0.9822,0.0019,1e-04,10000
"185","mmm","glm",0.1,0.175,"2","8",100,0.5,0.8528,0.0018,4e-04,10000
"186","mmm","glm",0.1,0.175,"2","8",100,0.9,0.7081,0.0051,2e-04,10000
"187","mmm","glm",0.1,0.2,"2","8",100,0,0.9981,0.0018,2e-04,10000
"188","mmm","glm",0.1,0.2,"2","8",100,0.5,0.9495,0.0027,4e-04,10000
"189","mmm","glm",0.1,0.2,"2","8",100,0.9,0.846,0.0056,0,10000
"190","mmm","glm",0.1,0.001,"8","2",100,0,0.002,0.008,0.0018,10000
"191","mmm","glm",0.1,0.001,"8","2",100,0.5,0.0034,0.0112,0.0018,10000
"192","mmm","glm",0.1,0.001,"8","2",100,0.9,0.008,0.0112,9e-04,10000
"193","mmm","glm",0.1,0.025,"8","2",100,0,0.0055,0.0076,0.0016,10000
"194","mmm","glm",0.1,0.025,"8","2",100,0.5,0.0066,0.0089,0.0018,10000
"195","mmm","glm",0.1,0.025,"8","2",100,0.9,0.0159,0.0109,9e-04,10000
"196","mmm","glm",0.1,0.05,"8","2",100,0,0.0164,0.0083,0.0018,10000
"197","mmm","glm",0.1,0.05,"8","2",100,0.5,0.0227,0.0095,0.001,10000
"198","mmm","glm",0.1,0.05,"8","2",100,0.9,0.0352,0.0128,7e-04,10000
"199","mmm","glm",0.1,0.075,"8","2",100,0,0.0454,0.0087,0.0015,10000
"200","mmm","glm",0.1,0.075,"8","2",100,0.5,0.0542,0.0094,8e-04,10000
"201","mmm","glm",0.1,0.075,"8","2",100,0.9,0.0739,0.0131,7e-04,10000
"202","mmm","glm",0.1,0.1,"8","2",100,0,0.1156,0.0077,0.0013,10000
"203","mmm","glm",0.1,0.1,"8","2",100,0.5,0.1176,0.0076,5e-04,10000
"204","mmm","glm",0.1,0.1,"8","2",100,0.9,0.1525,0.0129,4e-04,10000
"205","mmm","glm",0.1,0.125,"8","2",100,0,0.2276,0.0078,8e-04,10000
"206","mmm","glm",0.1,0.125,"8","2",100,0.5,0.2419,0.0097,0.001,10000
"207","mmm","glm",0.1,0.125,"8","2",100,0.9,0.2663,0.012,4e-04,10000
"208","mmm","glm",0.1,0.15,"8","2",100,0,0.4225,0.0071,9e-04,10000
"209","mmm","glm",0.1,0.15,"8","2",100,0.5,0.4199,0.0085,4e-04,10000
"210","mmm","glm",0.1,0.15,"8","2",100,0.9,0.4361,0.012,9e-04,10000
"211","mmm","glm",0.1,0.175,"8","2",100,0,0.6302,0.0078,0.0011,10000
"212","mmm","glm",0.1,0.175,"8","2",100,0.5,0.6264,0.0094,0.0016,10000
"213","mmm","glm",0.1,0.175,"8","2",100,0.9,0.6112,0.0103,0.0012,10000
"214","mmm","glm",0.1,0.2,"8","2",100,0,0.8316,0.0068,0.0013,10000
"215","mmm","glm",0.1,0.2,"8","2",100,0.5,0.7887,0.0088,8e-04,10000
"216","mmm","glm",0.1,0.2,"8","2",100,0.9,0.7706,0.0104,7e-04,10000
"217","mmm","glm",0.1,0.001,"2","8",200,0,0.0187,0.0074,0,10000
"218","mmm","glm",0.1,0.001,"2","8",200,0.5,0.0218,0.0067,0,10000
"219","mmm","glm",0.1,0.001,"2","8",200,0.9,0.023,0.0116,0,10000
"220","mmm","glm",0.1,0.025,"2","8",200,0,0.0612,0.007,0,10000
"221","mmm","glm",0.1,0.025,"2","8",200,0.5,0.0525,0.0064,0,10000
"222","mmm","glm",0.1,0.025,"2","8",200,0.9,0.0435,0.0114,0,10000
"223","mmm","glm",0.1,0.05,"2","8",200,0,0.1884,0.0057,0,10000
"224","mmm","glm",0.1,0.05,"2","8",200,0.5,0.1373,0.0067,0,10000
"225","mmm","glm",0.1,0.05,"2","8",200,0.9,0.108,0.0126,0,10000
"226","mmm","glm",0.1,0.075,"2","8",200,0,0.4582,0.0054,0,10000
"227","mmm","glm",0.1,0.075,"2","8",200,0.5,0.304,0.0062,0,10000
"228","mmm","glm",0.1,0.075,"2","8",200,0.9,0.2335,0.0104,0,10000
"229","mmm","glm",0.1,0.1,"2","8",200,0,0.7994,0.0058,0,10000
"230","mmm","glm",0.1,0.1,"2","8",200,0.5,0.5695,0.0058,0,10000
"231","mmm","glm",0.1,0.1,"2","8",200,0.9,0.4409,0.012,0,10000
"232","mmm","glm",0.1,0.125,"2","8",200,0,0.9743,0.0044,0,10000
"233","mmm","glm",0.1,0.125,"2","8",200,0.5,0.8048,0.0073,0,10000
"234","mmm","glm",0.1,0.125,"2","8",200,0.9,0.6617,0.011,0,10000
"235","mmm","glm",0.1,0.15,"2","8",200,0,0.9996,0.0053,0,10000
"236","mmm","glm",0.1,0.15,"2","8",200,0.5,0.9509,0.0076,0,10000
"237","mmm","glm",0.1,0.15,"2","8",200,0.9,0.8551,0.0115,0,10000
"238","mmm","glm",0.1,0.175,"2","8",200,0,1,0.0052,0,10000
"239","mmm","glm",0.1,0.175,"2","8",200,0.5,0.9919,0.008,0,10000
"240","mmm","glm",0.1,0.175,"2","8",200,0.9,0.9577,0.0132,0,10000
"241","mmm","glm",0.1,0.2,"2","8",200,0,1,0.0048,0,10000
"242","mmm","glm",0.1,0.2,"2","8",200,0.5,0.9998,0.0058,0,10000
"243","mmm","glm",0.1,0.2,"2","8",200,0.9,0.9917,0.0116,0,10000
"244","mmm","glm",0.1,0.001,"8","2",200,0,0.0058,0.0203,0,10000
"245","mmm","glm",0.1,0.001,"8","2",200,0.5,0.0069,0.0221,0,10000
"246","mmm","glm",0.1,0.001,"8","2",200,0.9,0.0134,0.0241,0,10000
"247","mmm","glm",0.1,0.025,"8","2",200,0,0.0139,0.0212,0,10000
"248","mmm","glm",0.1,0.025,"8","2",200,0.5,0.0159,0.0231,0,10000
"249","mmm","glm",0.1,0.025,"8","2",200,0.9,0.0243,0.0221,0,10000
"250","mmm","glm",0.1,0.05,"8","2",200,0,0.0493,0.0222,0,10000
"251","mmm","glm",0.1,0.05,"8","2",200,0.5,0.0556,0.0222,0,10000
"252","mmm","glm",0.1,0.05,"8","2",200,0.9,0.0647,0.0238,0,10000
"253","mmm","glm",0.1,0.075,"8","2",200,0,0.1479,0.0196,0,10000
"254","mmm","glm",0.1,0.075,"8","2",200,0.5,0.1385,0.0226,0,10000
"255","mmm","glm",0.1,0.075,"8","2",200,0.9,0.1625,0.0238,0,10000
"256","mmm","glm",0.1,0.1,"8","2",200,0,0.3309,0.0195,0,10000
"257","mmm","glm",0.1,0.1,"8","2",200,0.5,0.3104,0.0222,0,10000
"258","mmm","glm",0.1,0.1,"8","2",200,0.9,0.3433,0.0228,0,10000
"259","mmm","glm",0.1,0.125,"8","2",200,0,0.6122,0.0202,0,10000
"260","mmm","glm",0.1,0.125,"8","2",200,0.5,0.5532,0.0243,0,10000
"261","mmm","glm",0.1,0.125,"8","2",200,0.9,0.5618,0.0222,0,10000
"262","mmm","glm",0.1,0.15,"8","2",200,0,0.85,0.0219,0,10000
"263","mmm","glm",0.1,0.15,"8","2",200,0.5,0.7814,0.0236,0,10000
"264","mmm","glm",0.1,0.15,"8","2",200,0.9,0.7939,0.024,0,10000
"265","mmm","glm",0.1,0.175,"8","2",200,0,0.9711,0.0225,0,10000
"266","mmm","glm",0.1,0.175,"8","2",200,0.5,0.9334,0.0219,0,10000
"267","mmm","glm",0.1,0.175,"8","2",200,0.9,0.9265,0.0217,0,10000
"268","mmm","glm",0.1,0.2,"8","2",200,0,0.9968,0.0224,0,10000
"269","mmm","glm",0.1,0.2,"8","2",200,0.5,0.9894,0.0225,0,10000
"270","mmm","glm",0.1,0.2,"8","2",200,0.9,0.9812,0.0221,0,10000
"271","mmm","glm",0.1,0.001,"2","8",400,0,0.0291,0.0076,0,10000
"272","mmm","glm",0.1,0.001,"2","8",400,0.5,0.0363,0.0101,0,10000
"273","mmm","glm",0.1,0.001,"2","8",400,0.9,0.0299,0.0143,0,10000
"274","mmm","glm",0.1,0.025,"2","8",400,0,0.1024,0.0063,0,10000
"275","mmm","glm",0.1,0.025,"2","8",400,0.5,0.0915,0.0104,0,10000
"276","mmm","glm",0.1,0.025,"2","8",400,0.9,0.0672,0.0152,0,10000
"277","mmm","glm",0.1,0.05,"2","8",400,0,0.3785,0.0079,0,10000
"278","mmm","glm",0.1,0.05,"2","8",400,0.5,0.2715,0.009,0,10000
"279","mmm","glm",0.1,0.05,"2","8",400,0.9,0.1969,0.0155,0,10000
"280","mmm","glm",0.1,0.075,"2","8",400,0,0.831,0.0076,0,10000
"281","mmm","glm",0.1,0.075,"2","8",400,0.5,0.6009,0.0085,0,10000
"282","mmm","glm",0.1,0.075,"2","8",400,0.9,0.4468,0.015,0,10000
"283","mmm","glm",0.1,0.1,"2","8",400,0,0.9936,0.007,0,10000
"284","mmm","glm",0.1,0.1,"2","8",400,0.5,0.8736,0.0075,0,10000
"285","mmm","glm",0.1,0.1,"2","8",400,0.9,0.7486,0.0143,0,10000
"286","mmm","glm",0.1,0.125,"2","8",400,0,1,0.0079,0,10000
"287","mmm","glm",0.1,0.125,"2","8",400,0.5,0.9841,0.0098,0,10000
"288","mmm","glm",0.1,0.125,"2","8",400,0.9,0.9311,0.0162,0,10000
"289","mmm","glm",0.1,0.15,"2","8",400,0,1,0.0082,0,10000
"290","mmm","glm",0.1,0.15,"2","8",400,0.5,0.9997,0.0101,0,10000
"291","mmm","glm",0.1,0.15,"2","8",400,0.9,0.9927,0.0147,0,10000
"292","mmm","glm",0.1,0.175,"2","8",400,0,1,0.0074,0,10000
"293","mmm","glm",0.1,0.175,"2","8",400,0.5,1,0.0085,0,10000
"294","mmm","glm",0.1,0.175,"2","8",400,0.9,0.9993,0.0132,0,10000
"295","mmm","glm",0.1,0.2,"2","8",400,0,1,0.0079,0,10000
"296","mmm","glm",0.1,0.2,"2","8",400,0.5,1,0.0102,0,10000
"297","mmm","glm",0.1,0.2,"2","8",400,0.9,1,0.0135,0,10000
"298","mmm","glm",0.1,0.001,"8","2",400,0,0.0081,0.0279,0,10000
"299","mmm","glm",0.1,0.001,"8","2",400,0.5,0.0092,0.0311,0,10000
"300","mmm","glm",0.1,0.001,"8","2",400,0.9,0.0159,0.0305,0,10000
"301","mmm","glm",0.1,0.025,"8","2",400,0,0.0269,0.0286,0,10000
"302","mmm","glm",0.1,0.025,"8","2",400,0.5,0.0301,0.0316,0,10000
"303","mmm","glm",0.1,0.025,"8","2",400,0.9,0.0406,0.0282,0,10000
"304","mmm","glm",0.1,0.05,"8","2",400,0,0.1109,0.0299,0,10000
"305","mmm","glm",0.1,0.05,"8","2",400,0.5,0.1131,0.0312,0,10000
"306","mmm","glm",0.1,0.05,"8","2",400,0.9,0.1281,0.0316,0,10000
"307","mmm","glm",0.1,0.075,"8","2",400,0,0.3426,0.0296,0,10000
"308","mmm","glm",0.1,0.075,"8","2",400,0.5,0.3357,0.0302,0,10000
"309","mmm","glm",0.1,0.075,"8","2",400,0.9,0.3419,0.0298,0,10000
"310","mmm","glm",0.1,0.1,"8","2",400,0,0.7118,0.0284,0,10000
"311","mmm","glm",0.1,0.1,"8","2",400,0.5,0.6552,0.0304,0,10000
"312","mmm","glm",0.1,0.1,"8","2",400,0.9,0.6494,0.0295,0,10000
"313","mmm","glm",0.1,0.125,"8","2",400,0,0.9439,0.0259,0,10000
"314","mmm","glm",0.1,0.125,"8","2",400,0.5,0.907,0.0333,0,10000
"315","mmm","glm",0.1,0.125,"8","2",400,0.9,0.8867,0.0254,0,10000
"316","mmm","glm",0.1,0.15,"8","2",400,0,0.9968,0.031,0,10000
"317","mmm","glm",0.1,0.15,"8","2",400,0.5,0.9875,0.0308,0,10000
"318","mmm","glm",0.1,0.15,"8","2",400,0.9,0.9828,0.0295,0,10000
"319","mmm","glm",0.1,0.175,"8","2",400,0,1,0.0296,0,10000
"320","mmm","glm",0.1,0.175,"8","2",400,0.5,0.9996,0.0335,0,10000
"321","mmm","glm",0.1,0.175,"8","2",400,0.9,0.9991,0.0292,0,10000
"322","mmm","glm",0.1,0.2,"8","2",400,0,1,0.0274,0,10000
"323","mmm","glm",0.1,0.2,"8","2",400,0.5,1,0.0329,0,10000
"324","mmm","glm",0.1,0.2,"8","2",400,0.9,1,0.0286,0,10000
"325","bt","glm",0.1,0.001,"2","8",100,0,0.0448594336750228,0.0117730640414087,NA,9853
"326","bt","glm",0.1,0.001,"2","8",100,0.5,0.0426266111844108,0.0118745559728002,NA,9853
"327","bt","glm",0.1,0.001,"2","8",100,0.9,0.0363341114381407,0.02232822490612,NA,9853
"328","bt","glm",0.1,0.025,"2","8",100,0,0.0903278189383944,0.00984471734497108,NA,9853
"329","bt","glm",0.1,0.025,"2","8",100,0.5,0.0715518116309753,0.010047701207754,NA,9853
"330","bt","glm",0.1,0.025,"2","8",100,0.9,0.0587638282756521,0.0176595960621131,NA,9853
"331","bt","glm",0.1,0.05,"2","8",100,0,0.181264589465138,0.00862681416827362,NA,9853
"332","bt","glm",0.1,0.05,"2","8",100,0.5,0.15000507459657,0.00974322541357962,NA,9853
"333","bt","glm",0.1,0.05,"2","8",100,0.9,0.10260834263676,0.0177610879935045,NA,9853
"334","bt","glm",0.1,0.075,"2","8",100,0,0.352988937379478,0.00720592712879326,NA,9853
"335","bt","glm",0.1,0.075,"2","8",100,0.5,0.255556683243682,0.00964173348218817,NA,9853
"336","bt","glm",0.1,0.075,"2","8",100,0.9,0.180249670151223,0.0177610879935045,NA,9853
"337","bt","glm",0.1,0.1,"2","8",100,0,0.604384451436111,0.00761189485435908,NA,9853
"338","bt","glm",0.1,0.1,"2","8",100,0.5,0.416015426773572,0.0093372576880138,NA,9853
"339","bt","glm",0.1,0.1,"2","8",100,0.9,0.301938495889577,0.0146148381203694,NA,9853
"340","bt","glm",0.1,0.125,"2","8",100,0,0.838018877499239,0.00598802395209581,NA,9853
"341","bt","glm",0.1,0.125,"2","8",100,0.5,0.621029128184309,0.00761189485435908,NA,9853
"342","bt","glm",0.1,0.125,"2","8",100,0.9,0.46057038465442,0.015629757434284,NA,9853
"343","bt","glm",0.1,0.15,"2","8",100,0,0.968537501268649,0.00527758043235563,NA,9853
"344","bt","glm",0.1,0.15,"2","8",100,0.5,0.783720694204811,0.00497310463818126,NA,9853
"345","bt","glm",0.1,0.15,"2","8",100,0.9,0.632193240637369,0.0128894752867147,NA,9853
"346","bt","glm",0.1,0.175,"2","8",100,0,0.996650766264082,0.00608951588348726,NA,9853
"347","bt","glm",0.1,0.175,"2","8",100,0.5,0.910179640718563,0.00558205622652999,NA,9853
"348","bt","glm",0.1,0.175,"2","8",100,0.9,0.779762508880544,0.0142088703948036,NA,9853
"349","bt","glm",0.1,0.2,"2","8",100,0,0.999797016137217,0.00548056429513854,NA,9853
"350","bt","glm",0.1,0.2,"2","8",100,0.5,0.970161372170912,0.00669846747183599,NA,9853
"351","bt","glm",0.1,0.2,"2","8",100,0.9,0.900639399167766,0.0141073784634122,NA,9853
"352","bt","glm",0.1,0.001,"8","2",100,0,0.0113670963158429,0.0431340708413681,NA,9853
"353","bt","glm",0.1,0.001,"8","2",100,0.5,0.0150208058459352,0.0387699177915356,NA,9853
"354","bt","glm",0.1,0.001,"8","2",100,0.9,0.020095402415508,0.0356236679184005,NA,9853
"355","bt","glm",0.1,0.025,"8","2",100,0,0.0217192733177712,0.0396833451740587,NA,9853
"356","bt","glm",0.1,0.025,"8","2",100,0.5,0.0292296762407389,0.0394803613112758,NA,9853
"357","bt","glm",0.1,0.025,"8","2",100,0.9,0.0327818938394398,0.0350147163300518,NA,9853
"358","bt","glm",0.1,0.05,"8","2",100,0,0.0555160864711255,0.0391758855171014,NA,9853
"359","bt","glm",0.1,0.05,"8","2",100,0.5,0.0616056023546128,0.0382624581345783,NA,9853
"360","bt","glm",0.1,0.05,"8","2",100,0.9,0.0726682228762813,0.0350147163300518,NA,9853
"361","bt","glm",0.1,0.075,"8","2",100,0,0.118339592002436,0.038871409722927,NA,9853
"362","bt","glm",0.1,0.075,"8","2",100,0.5,0.127372373896275,0.0359281437125748,NA,9853
"363","bt","glm",0.1,0.075,"8","2",100,0.9,0.131026083426368,0.0312595148685679,NA,9853
"364","bt","glm",0.1,0.1,"8","2",100,0,0.231807571298082,0.0376535065462296,NA,9853
"365","bt","glm",0.1,0.1,"8","2",100,0.5,0.228661321424947,0.0394803613112758,NA,9853
"366","bt","glm",0.1,0.1,"8","2",100,0.9,0.239419466152441,0.0341012889475287,NA,9853
"367","bt","glm",0.1,0.125,"8","2",100,0,0.411346797929565,0.035522175987009,NA,9853
"368","bt","glm",0.1,0.125,"8","2",100,0.5,0.384958895767786,0.034405764741703,NA,9853
"369","bt","glm",0.1,0.125,"8","2",100,0.9,0.379782807266822,0.029940119760479,NA,9853
"370","bt","glm",0.1,0.15,"8","2",100,0,0.63432457119659,0.0339997970161372,NA,9853
"371","bt","glm",0.1,0.15,"8","2",100,0.5,0.575763726783721,0.0312595148685679,NA,9853
"372","bt","glm",0.1,0.15,"8","2",100,0.9,0.556581751750736,0.0243580635339491,NA,9853
"373","bt","glm",0.1,0.175,"8","2",100,0,0.820054805642951,0.0359281437125748,NA,9853
"374","bt","glm",0.1,0.175,"8","2",100,0.5,0.753171622855983,0.0313610067999594,NA,9853
"375","bt","glm",0.1,0.175,"8","2",100,0.9,0.726377752968639,0.0258804425048209,NA,9853
"376","bt","glm",0.1,0.2,"8","2",100,0,0.933522784938597,0.0341012889475287,NA,9853
"377","bt","glm",0.1,0.2,"8","2",100,0.5,0.882878311174262,0.0305490713488278,NA,9853
"378","bt","glm",0.1,0.2,"8","2",100,0.9,0.859839642748402,0.0251699989850807,NA,9853
"379","bt","glm",0.1,0.001,"2","8",200,0,0.0412057241449305,0.0112656043844514,NA,9853
"380","bt","glm",0.1,0.001,"2","8",200,0.5,0.0437430224297168,0.0115700801786258,NA,9853
"381","bt","glm",0.1,0.001,"2","8",200,0.9,0.0367400791637065,0.0197909266213336,NA,9853
"382","bt","glm",0.1,0.025,"2","8",200,0,0.098954633106668,0.00913427382523089,NA,9853
"383","bt","glm",0.1,0.025,"2","8",200,0.5,0.0817010047701208,0.00994620927636253,NA,9853
"384","bt","glm",0.1,0.025,"2","8",200,0.9,0.0617070942860043,0.0161372170912412,NA,9853
"385","bt","glm",0.1,0.05,"2","8",200,0,0.263980513549173,0.010047701207754,NA,9853
"386","bt","glm",0.1,0.05,"2","8",200,0.5,0.195879427585507,0.0130924591494976,NA,9853
"387","bt","glm",0.1,0.05,"2","8",200,0.9,0.134375317162286,0.0174566121993302,NA,9853
"388","bt","glm",0.1,0.075,"2","8",200,0,0.579721912107987,0.01116411245306,NA,9853
"389","bt","glm",0.1,0.075,"2","8",200,0.5,0.393687201867452,0.0124835075611489,NA,9853
"390","bt","glm",0.1,0.075,"2","8",200,0.9,0.275550593727799,0.0172536283365472,NA,9853
"391","bt","glm",0.1,0.1,"2","8",200,0,0.8764843194966,0.00781487871714199,NA,9853
"392","bt","glm",0.1,0.1,"2","8",200,0.5,0.643864812747387,0.00811935451131635,NA,9853
"393","bt","glm",0.1,0.1,"2","8",200,0.9,0.491525423728814,0.017862579924896,NA,9853
"394","bt","glm",0.1,0.125,"2","8",200,0,0.990662742311986,0.00720592712879326,NA,9853
"395","bt","glm",0.1,0.125,"2","8",200,0.5,0.857403836395007,0.0093372576880138,NA,9853
"396","bt","glm",0.1,0.125,"2","8",200,0.9,0.724449406272201,0.0148178219831523,NA,9853
"397","bt","glm",0.1,0.15,"2","8",200,0,0.999594032274434,0.00730741906018472,NA,9853
"398","bt","glm",0.1,0.15,"2","8",200,0.5,0.966609154572212,0.0105551608647113,NA,9853
"399","bt","glm",0.1,0.15,"2","8",200,0.9,0.883588754694002,0.01674616867959,NA,9853
"400","bt","glm",0.1,0.175,"2","8",200,0,1,0.0069014513346189,NA,9853
"401","bt","glm",0.1,0.175,"2","8",200,0.5,0.99583883081295,0.0102506850705369,NA,9853
"402","bt","glm",0.1,0.175,"2","8",200,0.9,0.969653912513955,0.015629757434284,NA,9853
"403","bt","glm",0.1,0.2,"2","8",200,0,1,0.0080178625799249,NA,9853
"404","bt","glm",0.1,0.2,"2","8",200,0.5,0.999797016137217,0.00964173348218817,NA,9853
"405","bt","glm",0.1,0.2,"2","8",200,0.9,0.994316451842079,0.014513346188978,NA,9853
"406","bt","glm",0.1,0.001,"8","2",200,0,0.0115700801786258,0.042220643458845,NA,9853
"407","bt","glm",0.1,0.001,"8","2",200,0.5,0.0121790317669745,0.0412057241449305,NA,9853
"408","bt","glm",0.1,0.001,"8","2",200,0.9,0.0191819750329849,0.0360296356439663,NA,9853
"409","bt","glm",0.1,0.025,"8","2",200,0,0.0294326601035218,0.0412057241449305,NA,9853
"410","bt","glm",0.1,0.025,"8","2",200,0.5,0.0289252004465645,0.0376535065462296,NA,9853
"411","bt","glm",0.1,0.025,"8","2",200,0.9,0.0369430630264894,0.0338983050847458,NA,9853
"412","bt","glm",0.1,0.05,"8","2",200,0,0.0781487871714199,0.0406982644879732,NA,9853
"413","bt","glm",0.1,0.05,"8","2",200,0.5,0.0821069724956866,0.0400893128996245,NA,9853
"414","bt","glm",0.1,0.05,"8","2",200,0.9,0.0886024561047397,0.036638587232315,NA,9853
"415","bt","glm",0.1,0.075,"8","2",200,0,0.205825636861869,0.0367400791637065,NA,9853
"416","bt","glm",0.1,0.075,"8","2",200,0.5,0.195270475997158,0.0379579823404039,NA,9853
"417","bt","glm",0.1,0.075,"8","2",200,0.9,0.207043540038567,0.0326804019080483,NA,9853
"418","bt","glm",0.1,0.1,"8","2",200,0,0.430630264893941,0.037754998477621,NA,9853
"419","bt","glm",0.1,0.1,"8","2",200,0.5,0.398152846848676,0.0373490307520552,NA,9853
"420","bt","glm",0.1,0.1,"8","2",200,0.9,0.393991677661626,0.0303460874860449,NA,9853
"421","bt","glm",0.1,0.125,"8","2",200,0,0.704455495788085,0.039987820968233,NA,9853
"422","bt","glm",0.1,0.125,"8","2",200,0.5,0.646402111032173,0.0384654419973612,NA,9853
"423","bt","glm",0.1,0.125,"8","2",200,0.9,0.624175378057444,0.031056531005785,NA,9853
"424","bt","glm",0.1,0.15,"8","2",200,0,0.906322947325688,0.0376535065462296,NA,9853
"425","bt","glm",0.1,0.15,"8","2",200,0.5,0.851009844717345,0.0390743935857099,NA,9853
"426","bt","glm",0.1,0.15,"8","2",200,0.9,0.827260732771745,0.0302445955546534,NA,9853
"427","bt","glm",0.1,0.175,"8","2",200,0,0.98670455698772,0.0368415710950979,NA,9853
"428","bt","glm",0.1,0.175,"8","2",200,0.5,0.96234649345377,0.0359281437125748,NA,9853
"429","bt","glm",0.1,0.175,"8","2",200,0.9,0.949660002029839,0.0312595148685679,NA,9853
"430","bt","glm",0.1,0.2,"8","2",200,0,0.99928955648026,0.038871409722927,NA,9853
"431","bt","glm",0.1,0.2,"8","2",200,0.5,0.993200040596773,0.0356236679184005,NA,9853
"432","bt","glm",0.1,0.2,"8","2",200,0.9,0.989343347203897,0.0295341520349132,NA,9853
"433","bt","glm",0.1,0.001,"2","8",400,0,0.0442504820866741,0.00974322541357962,NA,9853
"434","bt","glm",0.1,0.001,"2","8",400,0.5,0.0376535065462296,0.0126864914239318,NA,9853
"435","bt","glm",0.1,0.001,"2","8",400,0.9,0.0349132243986603,0.0183700395818532,NA,9853
"436","bt","glm",0.1,0.025,"2","8",400,0,0.129503704455496,0.0104536689333198,NA,9853
"437","bt","glm",0.1,0.025,"2","8",400,0.5,0.101694915254237,0.0113670963158429,NA,9853
"438","bt","glm",0.1,0.025,"2","8",400,0.9,0.0754085050238506,0.0175581041307216,NA,9853
"439","bt","glm",0.1,0.05,"2","8",400,0,0.459555465340505,0.00954024155079671,NA,9853
"440","bt","glm",0.1,0.05,"2","8",400,0.5,0.307317568253324,0.012280523698366,NA,9853
"441","bt","glm",0.1,0.05,"2","8",400,0.9,0.221150918501979,0.0147163300517609,NA,9853
"442","bt","glm",0.1,0.075,"2","8",400,0,0.867756013396935,0.00974322541357962,NA,9853
"443","bt","glm",0.1,0.075,"2","8",400,0.5,0.646605094894956,0.0112656043844514,NA,9853
"444","bt","glm",0.1,0.075,"2","8",400,0.9,0.474068811529483,0.0155282655028925,NA,9853
"445","bt","glm",0.1,0.1,"2","8",400,0,0.997056733989648,0.00954024155079671,NA,9853
"446","bt","glm",0.1,0.1,"2","8",400,0.5,0.908758753679083,0.0093372576880138,NA,9853
"447","bt","glm",0.1,0.1,"2","8",400,0.9,0.785344565107074,0.0151222977773267,NA,9853
"448","bt","glm",0.1,0.125,"2","8",400,0,1,0.010047701207754,NA,9853
"449","bt","glm",0.1,0.125,"2","8",400,0.5,0.990053790723637,0.0126864914239318,NA,9853
"450","bt","glm",0.1,0.125,"2","8",400,0.9,0.946006292499746,0.0162387090226327,NA,9853
"451","bt","glm",0.1,0.15,"2","8",400,0,1,0.00903278189383944,NA,9853
"452","bt","glm",0.1,0.15,"2","8",400,0.5,0.999695524205826,0.0101491931391454,NA,9853
"453","bt","glm",0.1,0.15,"2","8",400,0.9,0.993403024459555,0.017862579924896,NA,9853
"454","bt","glm",0.1,0.175,"2","8",400,0,1,0.0110626205216685,NA,9853
"455","bt","glm",0.1,0.175,"2","8",400,0.5,1,0.0110626205216685,NA,9853
"456","bt","glm",0.1,0.175,"2","8",400,0.9,0.999695524205826,0.0185730234446362,NA,9853
"457","bt","glm",0.1,0.2,"2","8",400,0,1,0.00903278189383944,NA,9853
"458","bt","glm",0.1,0.2,"2","8",400,0.5,1,0.01116411245306,NA,9853
"459","bt","glm",0.1,0.2,"2","8",400,0.9,1,0.0162387090226327,NA,9853
"460","bt","glm",0.1,0.001,"8","2",400,0,0.0107581447274942,0.0418146757332792,NA,9853
"461","bt","glm",0.1,0.001,"8","2",400,0.5,0.0147163300517609,0.0416116918704963,NA,9853
"462","bt","glm",0.1,0.001,"8","2",400,0.9,0.0177610879935045,0.0341012889475287,NA,9853
"463","bt","glm",0.1,0.025,"8","2",400,0,0.0334923373591799,0.0419161676646707,NA,9853
"464","bt","glm",0.1,0.025,"8","2",400,0.5,0.0351162082614432,0.0382624581345783,NA,9853
"465","bt","glm",0.1,0.025,"8","2",400,0.9,0.0486146351365066,0.0350147163300518,NA,9853
"466","bt","glm",0.1,0.05,"8","2",400,0,0.135796204201766,0.037754998477621,NA,9853
"467","bt","glm",0.1,0.05,"8","2",400,0.5,0.136912615447072,0.0358266517811834,NA,9853
"468","bt","glm",0.1,0.05,"8","2",400,0.9,0.153151324469705,0.0361311275753578,NA,9853
"469","bt","glm",0.1,0.075,"8","2",400,0,0.409215467370344,0.0387699177915356,NA,9853
"470","bt","glm",0.1,0.075,"8","2",400,0.5,0.377042525119253,0.0376535065462296,NA,9853
"471","bt","glm",0.1,0.075,"8","2",400,0.9,0.383538008728306,0.0345072566730945,NA,9853
"472","bt","glm",0.1,0.1,"8","2",400,0,0.761595453161474,0.0403937886937988,NA,9853
"473","bt","glm",0.1,0.1,"8","2",400,0.5,0.705470415101999,0.0390743935857099,NA,9853
"474","bt","glm",0.1,0.1,"8","2",400,0.9,0.692783923678068,0.0311580229371765,NA,9853
"475","bt","glm",0.1,0.125,"8","2",400,0,0.967319598091952,0.0419161676646707,NA,9853
"476","bt","glm",0.1,0.125,"8","2",400,0.5,0.927128793260936,0.0398863290368416,NA,9853
"477","bt","glm",0.1,0.125,"8","2",400,0.9,0.9085557698163,0.0348117324672689,NA,9853
"478","bt","glm",0.1,0.15,"8","2",400,0,0.998376129097737,0.0392773774484928,NA,9853
"479","bt","glm",0.1,0.15,"8","2",400,0.5,0.992591089008424,0.0391758855171014,NA,9853
"480","bt","glm",0.1,0.15,"8","2",400,0.9,0.985689637673805,0.0325789099766569,NA,9853
"481","bt","glm",0.1,0.175,"8","2",400,0,1,0.0413072160763219,NA,9853
"482","bt","glm",0.1,0.175,"8","2",400,0.5,0.999492540343043,0.0395818532426672,NA,9853
"483","bt","glm",0.1,0.175,"8","2",400,0.9,0.999492540343043,0.0330863696336141,NA,9853
"484","bt","glm",0.1,0.2,"8","2",400,0,1,0.0401908048310159,NA,9853
"485","bt","glm",0.1,0.2,"8","2",400,0.5,1,0.0361311275753578,NA,9853
"486","bt","glm",0.1,0.2,"8","2",400,0.9,0.999797016137217,0.0352177001928347,NA,9853
"487","bonf","bglm",0.1,0.001,"2","8",100,0,0.0078,9e-04,0,10000
"488","bonf","bglm",0.1,0.001,"2","8",100,0.5,0.0058,0.0013,0,10000
"489","bonf","bglm",0.1,0.001,"2","8",100,0.9,0.0025,0.0018,0,10000
"490","bonf","bglm",0.1,0.025,"2","8",100,0,0.0188,0.0021,0,10000
"491","bonf","bglm",0.1,0.025,"2","8",100,0.5,0.0165,0.0012,0,10000
"492","bonf","bglm",0.1,0.025,"2","8",100,0.9,0.0051,0.0014,0,10000
"493","bonf","bglm",0.1,0.05,"2","8",100,0,0.0587,0.0018,0,10000
"494","bonf","bglm",0.1,0.05,"2","8",100,0.5,0.0411,0.0015,0,10000
"495","bonf","bglm",0.1,0.05,"2","8",100,0.9,0.0171,0.002,0,10000
"496","bonf","bglm",0.1,0.075,"2","8",100,0,0.1503,0.0024,0,10000
"497","bonf","bglm",0.1,0.075,"2","8",100,0.5,0.0982,0.0024,0,10000
"498","bonf","bglm",0.1,0.075,"2","8",100,0.9,0.047,0.0014,0,10000
"499","bonf","bglm",0.1,0.1,"2","8",100,0,0.3426,0.0015,0,10000
"500","bonf","bglm",0.1,0.1,"2","8",100,0.5,0.215,0.0017,0,10000
"501","bonf","bglm",0.1,0.1,"2","8",100,0.9,0.1061,6e-04,0,10000
"502","bonf","bglm",0.1,0.125,"2","8",100,0,0.623,0.0011,0,10000
"503","bonf","bglm",0.1,0.125,"2","8",100,0.5,0.4005,0.0021,0,10000
"504","bonf","bglm",0.1,0.125,"2","8",100,0.9,0.2021,0.0018,0,10000
"505","bonf","bglm",0.1,0.15,"2","8",100,0,0.8772,0.0013,0,10000
"506","bonf","bglm",0.1,0.15,"2","8",100,0.5,0.6153,0.0029,0,10000
"507","bonf","bglm",0.1,0.15,"2","8",100,0.9,0.3671,0.0013,0,10000
"508","bonf","bglm",0.1,0.175,"2","8",100,0,0.9829,0.0021,0,10000
"509","bonf","bglm",0.1,0.175,"2","8",100,0.5,0.8076,0.0011,0,10000
"510","bonf","bglm",0.1,0.175,"2","8",100,0.9,0.5729,0.0016,0,10000
"511","bonf","bglm",0.1,0.2,"2","8",100,0,0.9991,0.0017,0,10000
"512","bonf","bglm",0.1,0.2,"2","8",100,0.5,0.9214,0.0019,0,10000
"513","bonf","bglm",0.1,0.2,"2","8",100,0.9,0.7428,0.0015,0,10000
"514","bonf","bglm",0.1,0.001,"8","2",100,0,0.0015,0.0068,0,10000
"515","bonf","bglm",0.1,0.001,"8","2",100,0.5,0.0015,0.0066,0,10000
"516","bonf","bglm",0.1,0.001,"8","2",100,0.9,0.0014,0.0021,0,10000
"517","bonf","bglm",0.1,0.025,"8","2",100,0,0.0042,0.0071,0,10000
"518","bonf","bglm",0.1,0.025,"8","2",100,0.5,0.0054,0.0061,0,10000
"519","bonf","bglm",0.1,0.025,"8","2",100,0.9,0.0035,0.0016,0,10000
"520","bonf","bglm",0.1,0.05,"8","2",100,0,0.0137,0.0077,0,10000
"521","bonf","bglm",0.1,0.05,"8","2",100,0.5,0.0134,0.0069,0,10000
"522","bonf","bglm",0.1,0.05,"8","2",100,0.9,0.0095,0.0031,0,10000
"523","bonf","bglm",0.1,0.075,"8","2",100,0,0.0378,0.0067,0,10000
"524","bonf","bglm",0.1,0.075,"8","2",100,0.5,0.0347,0.0056,0,10000
"525","bonf","bglm",0.1,0.075,"8","2",100,0.9,0.0257,0.0028,0,10000
"526","bonf","bglm",0.1,0.1,"8","2",100,0,0.0968,0.0067,0,10000
"527","bonf","bglm",0.1,0.1,"8","2",100,0.5,0.0874,0.0055,0,10000
"528","bonf","bglm",0.1,0.1,"8","2",100,0.9,0.0729,0.0028,0,10000
"529","bonf","bglm",0.1,0.125,"8","2",100,0,0.2076,0.0075,0,10000
"530","bonf","bglm",0.1,0.125,"8","2",100,0.5,0.1907,0.0061,0,10000
"531","bonf","bglm",0.1,0.125,"8","2",100,0.9,0.1412,0.0029,0,10000
"532","bonf","bglm",0.1,0.15,"8","2",100,0,0.4148,0.0073,0,10000
"533","bonf","bglm",0.1,0.15,"8","2",100,0.5,0.3496,0.005,0,10000
"534","bonf","bglm",0.1,0.15,"8","2",100,0.9,0.2775,0.003,0,10000
"535","bonf","bglm",0.1,0.175,"8","2",100,0,0.6298,0.0072,0,10000
"536","bonf","bglm",0.1,0.175,"8","2",100,0.5,0.5556,0.0056,0,10000
"537","bonf","bglm",0.1,0.175,"8","2",100,0.9,0.4638,0.0028,0,10000
"538","bonf","bglm",0.1,0.2,"8","2",100,0,0.8185,0.0062,0,10000
"539","bonf","bglm",0.1,0.2,"8","2",100,0.5,0.7502,0.0063,0,10000
"540","bonf","bglm",0.1,0.2,"8","2",100,0.9,0.6525,0.0025,0,10000
"541","bonf","bglm",0.1,0.001,"2","8",200,0,0.0191,0.0046,0,10000
"542","bonf","bglm",0.1,0.001,"2","8",200,0.5,0.0156,0.0045,0,10000
"543","bonf","bglm",0.1,0.001,"2","8",200,0.9,0.0074,0.0035,0,10000
"544","bonf","bglm",0.1,0.025,"2","8",200,0,0.0464,0.0032,0,10000
"545","bonf","bglm",0.1,0.025,"2","8",200,0.5,0.0355,0.004,0,10000
"546","bonf","bglm",0.1,0.025,"2","8",200,0.9,0.016,0.0038,0,10000
"547","bonf","bglm",0.1,0.05,"2","8",200,0,0.1507,0.0048,0,10000
"548","bonf","bglm",0.1,0.05,"2","8",200,0.5,0.1046,0.004,0,10000
"549","bonf","bglm",0.1,0.05,"2","8",200,0.9,0.048,0.0028,0,10000
"550","bonf","bglm",0.1,0.075,"2","8",200,0,0.4021,0.0038,0,10000
"551","bonf","bglm",0.1,0.075,"2","8",200,0.5,0.259,0.004,0,10000
"552","bonf","bglm",0.1,0.075,"2","8",200,0.9,0.129,0.0031,0,10000
"553","bonf","bglm",0.1,0.1,"2","8",200,0,0.7638,0.0037,0,10000
"554","bonf","bglm",0.1,0.1,"2","8",200,0.5,0.5078,0.0055,0,10000
"555","bonf","bglm",0.1,0.1,"2","8",200,0.9,0.2868,0.0037,0,10000
"556","bonf","bglm",0.1,0.125,"2","8",200,0,0.9666,0.0041,0,10000
"557","bonf","bglm",0.1,0.125,"2","8",200,0.5,0.7614,0.0036,0,10000
"558","bonf","bglm",0.1,0.125,"2","8",200,0.9,0.508,0.0039,0,10000
"559","bonf","bglm",0.1,0.15,"2","8",200,0,0.9995,0.0051,0,10000
"560","bonf","bglm",0.1,0.15,"2","8",200,0.5,0.9305,0.0044,0,10000
"561","bonf","bglm",0.1,0.15,"2","8",200,0.9,0.7475,0.0027,0,10000
"562","bonf","bglm",0.1,0.175,"2","8",200,0,1,0.0046,0,10000
"563","bonf","bglm",0.1,0.175,"2","8",200,0.5,0.9895,0.0031,0,10000
"564","bonf","bglm",0.1,0.175,"2","8",200,0.9,0.9057,0.0028,0,10000
"565","bonf","bglm",0.1,0.2,"2","8",200,0,1,0.0045,0,10000
"566","bonf","bglm",0.1,0.2,"2","8",200,0.5,0.9987,0.0059,0,10000
"567","bonf","bglm",0.1,0.2,"2","8",200,0.9,0.9763,0.0021,0,10000
"568","bonf","bglm",0.1,0.001,"8","2",200,0,0.0046,0.018,0,10000
"569","bonf","bglm",0.1,0.001,"8","2",200,0.5,0.0046,0.017,0,10000
"570","bonf","bglm",0.1,0.001,"8","2",200,0.9,0.0045,0.0048,0,10000
"571","bonf","bglm",0.1,0.025,"8","2",200,0,0.0131,0.0184,0,10000
"572","bonf","bglm",0.1,0.025,"8","2",200,0.5,0.0127,0.0116,0,10000
"573","bonf","bglm",0.1,0.025,"8","2",200,0.9,0.0082,0.0072,0,10000
"574","bonf","bglm",0.1,0.05,"8","2",200,0,0.0376,0.0153,0,10000
"575","bonf","bglm",0.1,0.05,"8","2",200,0.5,0.038,0.0133,0,10000
"576","bonf","bglm",0.1,0.05,"8","2",200,0.9,0.0304,0.0085,0,10000
"577","bonf","bglm",0.1,0.075,"8","2",200,0,0.1221,0.0174,0,10000
"578","bonf","bglm",0.1,0.075,"8","2",200,0.5,0.1063,0.0131,0,10000
"579","bonf","bglm",0.1,0.075,"8","2",200,0.9,0.083,0.0057,0,10000
"580","bonf","bglm",0.1,0.1,"8","2",200,0,0.3015,0.0169,0,10000
"581","bonf","bglm",0.1,0.1,"8","2",200,0.5,0.2588,0.0137,0,10000
"582","bonf","bglm",0.1,0.1,"8","2",200,0.9,0.2031,0.008,0,10000
"583","bonf","bglm",0.1,0.125,"8","2",200,0,0.5712,0.0172,0,10000
"584","bonf","bglm",0.1,0.125,"8","2",200,0.5,0.5045,0.0144,0,10000
"585","bonf","bglm",0.1,0.125,"8","2",200,0.9,0.4128,0.0072,0,10000
"586","bonf","bglm",0.1,0.15,"8","2",200,0,0.8302,0.0174,0,10000
"587","bonf","bglm",0.1,0.15,"8","2",200,0.5,0.7537,0.015,0,10000
"588","bonf","bglm",0.1,0.15,"8","2",200,0.9,0.6574,0.0069,0,10000
"589","bonf","bglm",0.1,0.175,"8","2",200,0,0.9659,0.0157,0,10000
"590","bonf","bglm",0.1,0.175,"8","2",200,0.5,0.9201,0.0116,0,10000
"591","bonf","bglm",0.1,0.175,"8","2",200,0.9,0.8555,0.005,0,10000
"592","bonf","bglm",0.1,0.2,"8","2",200,0,0.9957,0.0173,0,10000
"593","bonf","bglm",0.1,0.2,"8","2",200,0.5,0.9843,0.016,0,10000
"594","bonf","bglm",0.1,0.2,"8","2",200,0.9,0.9586,0.0062,0,10000
"595","bonf","bglm",0.1,0.001,"2","8",400,0,0.0276,0.0061,0,10000
"596","bonf","bglm",0.1,0.001,"2","8",400,0.5,0.0249,0.0065,0,10000
"597","bonf","bglm",0.1,0.001,"2","8",400,0.9,0.0107,0.0057,0,10000
"598","bonf","bglm",0.1,0.025,"2","8",400,0,0.096,0.0087,0,10000
"599","bonf","bglm",0.1,0.025,"2","8",400,0.5,0.0712,0.0069,0,10000
"600","bonf","bglm",0.1,0.025,"2","8",400,0.9,0.0313,0.0047,0,10000
"601","bonf","bglm",0.1,0.05,"2","8",400,0,0.3736,0.0072,0,10000
"602","bonf","bglm",0.1,0.05,"2","8",400,0.5,0.245,0.006,0,10000
"603","bonf","bglm",0.1,0.05,"2","8",400,0.9,0.1175,0.0055,0,10000
"604","bonf","bglm",0.1,0.075,"2","8",400,0,0.8098,0.0062,0,10000
"605","bonf","bglm",0.1,0.075,"2","8",400,0.5,0.5497,0.0063,0,10000
"606","bonf","bglm",0.1,0.075,"2","8",400,0.9,0.3283,0.0049,0,10000
"607","bonf","bglm",0.1,0.1,"2","8",400,0,0.9915,0.0068,0,10000
"608","bonf","bglm",0.1,0.1,"2","8",400,0.5,0.8573,0.006,0,10000
"609","bonf","bglm",0.1,0.1,"2","8",400,0.9,0.6219,0.0057,0,10000
"610","bonf","bglm",0.1,0.125,"2","8",400,0,0.9999,0.0069,0,10000
"611","bonf","bglm",0.1,0.125,"2","8",400,0.5,0.9809,0.0069,0,10000
"612","bonf","bglm",0.1,0.125,"2","8",400,0.9,0.8776,0.0067,0,10000
"613","bonf","bglm",0.1,0.15,"2","8",400,0,1,0.0066,0,10000
"614","bonf","bglm",0.1,0.15,"2","8",400,0.5,0.999,0.0089,0,10000
"615","bonf","bglm",0.1,0.15,"2","8",400,0.9,0.979,0.0066,0,10000
"616","bonf","bglm",0.1,0.175,"2","8",400,0,1,0.0067,0,10000
"617","bonf","bglm",0.1,0.175,"2","8",400,0.5,1,0.0071,0,10000
"618","bonf","bglm",0.1,0.175,"2","8",400,0.9,0.9986,0.0055,0,10000
"619","bonf","bglm",0.1,0.2,"2","8",400,0,1,0.0088,0,10000
"620","bonf","bglm",0.1,0.2,"2","8",400,0.5,1,0.0074,0,10000
"621","bonf","bglm",0.1,0.2,"2","8",400,0.9,1,0.0055,0,10000
"622","bonf","bglm",0.1,0.001,"8","2",400,0,0.0089,0.0321,0,10000
"623","bonf","bglm",0.1,0.001,"8","2",400,0.5,0.0072,0.022,0,10000
"624","bonf","bglm",0.1,0.001,"8","2",400,0.9,0.0054,0.0102,0,10000
"625","bonf","bglm",0.1,0.025,"8","2",400,0,0.0242,0.0287,0,10000
"626","bonf","bglm",0.1,0.025,"8","2",400,0.5,0.0251,0.0231,0,10000
"627","bonf","bglm",0.1,0.025,"8","2",400,0.9,0.0188,0.0114,0,10000
"628","bonf","bglm",0.1,0.05,"8","2",400,0,0.1107,0.0311,0,10000
"629","bonf","bglm",0.1,0.05,"8","2",400,0.5,0.0958,0.0235,0,10000
"630","bonf","bglm",0.1,0.05,"8","2",400,0.9,0.0794,0.0108,0,10000
"631","bonf","bglm",0.1,0.075,"8","2",400,0,0.3312,0.03,0,10000
"632","bonf","bglm",0.1,0.075,"8","2",400,0.5,0.2967,0.0247,0,10000
"633","bonf","bglm",0.1,0.075,"8","2",400,0.9,0.2323,0.0113,0,10000
"634","bonf","bglm",0.1,0.1,"8","2",400,0,0.6901,0.0266,0,10000
"635","bonf","bglm",0.1,0.1,"8","2",400,0.5,0.6119,0.0212,0,10000
"636","bonf","bglm",0.1,0.1,"8","2",400,0.9,0.5186,0.0087,0,10000
"637","bonf","bglm",0.1,0.125,"8","2",400,0,0.938,0.03,0,10000
"638","bonf","bglm",0.1,0.125,"8","2",400,0.5,0.8795,0.0251,0,10000
"639","bonf","bglm",0.1,0.125,"8","2",400,0.9,0.805,0.0102,0,10000
"640","bonf","bglm",0.1,0.15,"8","2",400,0,0.9966,0.0291,0,10000
"641","bonf","bglm",0.1,0.15,"8","2",400,0.5,0.9838,0.0237,0,10000
"642","bonf","bglm",0.1,0.15,"8","2",400,0.9,0.9633,0.0114,0,10000
"643","bonf","bglm",0.1,0.175,"8","2",400,0,1,0.0299,0,10000
"644","bonf","bglm",0.1,0.175,"8","2",400,0.5,0.999,0.0246,0,10000
"645","bonf","bglm",0.1,0.175,"8","2",400,0.9,0.9972,0.0099,0,10000
"646","bonf","bglm",0.1,0.2,"8","2",400,0,1,0.0296,0,10000
"647","bonf","bglm",0.1,0.2,"8","2",400,0.5,1,0.0236,0,10000
"648","bonf","bglm",0.1,0.2,"8","2",400,0.9,0.9998,0.0117,0,10000
"649","mmm","bglm",0.1,0.001,"2","8",100,0,0.0099,0.0022,NA,10000
"650","mmm","bglm",0.1,0.001,"2","8",100,0.5,0.0093,0.0035,NA,10000
"651","mmm","bglm",0.1,0.001,"2","8",100,0.9,0.0093,0.0059,NA,10000
"652","mmm","bglm",0.1,0.025,"2","8",100,0,0.0223,0.0017,NA,10000
"653","mmm","bglm",0.1,0.025,"2","8",100,0.5,0.0219,0.0034,NA,10000
"654","mmm","bglm",0.1,0.025,"2","8",100,0.9,0.0212,0.0069,NA,10000
"655","mmm","bglm",0.1,0.05,"2","8",100,0,0.0557,0.0021,NA,10000
"656","mmm","bglm",0.1,0.05,"2","8",100,0.5,0.0579,0.0021,NA,10000
"657","mmm","bglm",0.1,0.05,"2","8",100,0.9,0.0475,0.0046,NA,10000
"658","mmm","bglm",0.1,0.075,"2","8",100,0,0.1569,0.0017,NA,10000
"659","mmm","bglm",0.1,0.075,"2","8",100,0.5,0.1215,0.0038,NA,10000
"660","mmm","bglm",0.1,0.075,"2","8",100,0.9,0.096,0.0057,NA,10000
"661","mmm","bglm",0.1,0.1,"2","8",100,0,0.3487,0.0029,NA,10000
"662","mmm","bglm",0.1,0.1,"2","8",100,0.5,0.2516,0.0023,NA,10000
"663","mmm","bglm",0.1,0.1,"2","8",100,0.9,0.1818,0.0059,NA,10000
"664","mmm","bglm",0.1,0.125,"2","8",100,0,0.6346,0.0025,NA,10000
"665","mmm","bglm",0.1,0.125,"2","8",100,0.5,0.4272,0.0034,NA,10000
"666","mmm","bglm",0.1,0.125,"2","8",100,0.9,0.3308,0.0052,NA,10000
"667","mmm","bglm",0.1,0.15,"2","8",100,0,0.8727,0.0023,NA,10000
"668","mmm","bglm",0.1,0.15,"2","8",100,0.5,0.6301,0.0023,NA,10000
"669","mmm","bglm",0.1,0.15,"2","8",100,0.9,0.4996,0.0062,NA,10000
"670","mmm","bglm",0.1,0.175,"2","8",100,0,0.9796,0.0025,NA,10000
"671","mmm","bglm",0.1,0.175,"2","8",100,0.5,0.8112,0.0015,NA,10000
"672","mmm","bglm",0.1,0.175,"2","8",100,0.9,0.6833,0.0053,NA,10000
"673","mmm","bglm",0.1,0.2,"2","8",100,0,0.9991,0.0018,NA,10000
"674","mmm","bglm",0.1,0.2,"2","8",100,0.5,0.926,0.0033,NA,10000
"675","mmm","bglm",0.1,0.2,"2","8",100,0.9,0.8337,0.0056,NA,10000
"676","mmm","bglm",0.1,0.001,"8","2",100,0,0.0018,0.0083,NA,10000
"677","mmm","bglm",0.1,0.001,"8","2",100,0.5,0.0033,0.0083,NA,10000
"678","mmm","bglm",0.1,0.001,"8","2",100,0.9,0.0073,0.0125,NA,10000
"679","mmm","bglm",0.1,0.025,"8","2",100,0,0.006,0.0094,NA,10000
"680","mmm","bglm",0.1,0.025,"8","2",100,0.5,0.0046,0.0076,NA,10000
"681","mmm","bglm",0.1,0.025,"8","2",100,0.9,0.0133,0.0123,NA,10000
"682","mmm","bglm",0.1,0.05,"8","2",100,0,0.0155,0.0091,NA,10000
"683","mmm","bglm",0.1,0.05,"8","2",100,0.5,0.0189,0.0066,NA,10000
"684","mmm","bglm",0.1,0.05,"8","2",100,0.9,0.0306,0.011,NA,10000
"685","mmm","bglm",0.1,0.075,"8","2",100,0,0.0432,0.0073,NA,10000
"686","mmm","bglm",0.1,0.075,"8","2",100,0.5,0.0448,0.0093,NA,10000
"687","mmm","bglm",0.1,0.075,"8","2",100,0.9,0.0635,0.0097,NA,10000
"688","mmm","bglm",0.1,0.1,"8","2",100,0,0.103,0.0079,NA,10000
"689","mmm","bglm",0.1,0.1,"8","2",100,0.5,0.1052,0.0085,NA,10000
"690","mmm","bglm",0.1,0.1,"8","2",100,0.9,0.1366,0.0115,NA,10000
"691","mmm","bglm",0.1,0.125,"8","2",100,0,0.2171,0.0077,NA,10000
"692","mmm","bglm",0.1,0.125,"8","2",100,0.5,0.2128,0.0099,NA,10000
"693","mmm","bglm",0.1,0.125,"8","2",100,0.9,0.2481,0.0114,NA,10000
"694","mmm","bglm",0.1,0.15,"8","2",100,0,0.4051,0.008,NA,10000
"695","mmm","bglm",0.1,0.15,"8","2",100,0.5,0.375,0.0087,NA,10000
"696","mmm","bglm",0.1,0.15,"8","2",100,0.9,0.4107,0.0123,NA,10000
"697","mmm","bglm",0.1,0.175,"8","2",100,0,0.6236,0.0074,NA,10000
"698","mmm","bglm",0.1,0.175,"8","2",100,0.5,0.5657,0.0084,NA,10000
"699","mmm","bglm",0.1,0.175,"8","2",100,0.9,0.5888,0.0122,NA,10000
"700","mmm","bglm",0.1,0.2,"8","2",100,0,0.8257,0.0081,NA,10000
"701","mmm","bglm",0.1,0.2,"8","2",100,0.5,0.761,0.0094,NA,10000
"702","mmm","bglm",0.1,0.2,"8","2",100,0.9,0.7681,0.0097,NA,10000
"703","mmm","bglm",0.1,0.001,"2","8",200,0,0.0203,0.0045,NA,10000
"704","mmm","bglm",0.1,0.001,"2","8",200,0.5,0.0192,0.006,NA,10000
"705","mmm","bglm",0.1,0.001,"2","8",200,0.9,0.0206,0.0086,NA,10000
"706","mmm","bglm",0.1,0.025,"2","8",200,0,0.0482,0.0046,NA,10000
"707","mmm","bglm",0.1,0.025,"2","8",200,0.5,0.0442,0.0059,NA,10000
"708","mmm","bglm",0.1,0.025,"2","8",200,0.9,0.0417,0.0107,NA,10000
"709","mmm","bglm",0.1,0.05,"2","8",200,0,0.1582,0.0053,NA,10000
"710","mmm","bglm",0.1,0.05,"2","8",200,0.5,0.1293,0.0052,NA,10000
"711","mmm","bglm",0.1,0.05,"2","8",200,0.9,0.0932,0.0112,NA,10000
"712","mmm","bglm",0.1,0.075,"2","8",200,0,0.4141,0.0052,NA,10000
"713","mmm","bglm",0.1,0.075,"2","8",200,0.5,0.3032,0.0057,NA,10000
"714","mmm","bglm",0.1,0.075,"2","8",200,0.9,0.2132,0.0117,NA,10000
"715","mmm","bglm",0.1,0.1,"2","8",200,0,0.7633,0.0047,NA,10000
"716","mmm","bglm",0.1,0.1,"2","8",200,0.5,0.5632,0.0048,NA,10000
"717","mmm","bglm",0.1,0.1,"2","8",200,0.9,0.4078,0.0094,NA,10000
"718","mmm","bglm",0.1,0.125,"2","8",200,0,0.9682,0.005,NA,10000
"719","mmm","bglm",0.1,0.125,"2","8",200,0.5,0.7956,0.0071,NA,10000
"720","mmm","bglm",0.1,0.125,"2","8",200,0.9,0.6553,0.0095,NA,10000
"721","mmm","bglm",0.1,0.15,"2","8",200,0,0.999,0.0049,NA,10000
"722","mmm","bglm",0.1,0.15,"2","8",200,0.5,0.9487,0.0063,NA,10000
"723","mmm","bglm",0.1,0.15,"2","8",200,0.9,0.8445,0.0122,NA,10000
"724","mmm","bglm",0.1,0.175,"2","8",200,0,1,0.0041,NA,10000
"725","mmm","bglm",0.1,0.175,"2","8",200,0.5,0.99,0.0056,NA,10000
"726","mmm","bglm",0.1,0.175,"2","8",200,0.9,0.9552,0.011,NA,10000
"727","mmm","bglm",0.1,0.2,"2","8",200,0,1,0.0047,NA,10000
"728","mmm","bglm",0.1,0.2,"2","8",200,0.5,0.9997,0.0054,NA,10000
"729","mmm","bglm",0.1,0.2,"2","8",200,0.9,0.9904,0.0102,NA,10000
"730","mmm","bglm",0.1,0.001,"8","2",200,0,0.0047,0.0202,NA,10000
"731","mmm","bglm",0.1,0.001,"8","2",200,0.5,0.0054,0.0201,NA,10000
"732","mmm","bglm",0.1,0.001,"8","2",200,0.9,0.0107,0.0194,NA,10000
"733","mmm","bglm",0.1,0.025,"8","2",200,0,0.0139,0.0194,NA,10000
"734","mmm","bglm",0.1,0.025,"8","2",200,0.5,0.0153,0.0188,NA,10000
"735","mmm","bglm",0.1,0.025,"8","2",200,0.9,0.0216,0.0212,NA,10000
"736","mmm","bglm",0.1,0.05,"8","2",200,0,0.0437,0.017,NA,10000
"737","mmm","bglm",0.1,0.05,"8","2",200,0.5,0.0454,0.0188,NA,10000
"738","mmm","bglm",0.1,0.05,"8","2",200,0.9,0.0585,0.0197,NA,10000
"739","mmm","bglm",0.1,0.075,"8","2",200,0,0.1251,0.0172,NA,10000
"740","mmm","bglm",0.1,0.075,"8","2",200,0.5,0.1343,0.0182,NA,10000
"741","mmm","bglm",0.1,0.075,"8","2",200,0.9,0.1508,0.0199,NA,10000
"742","mmm","bglm",0.1,0.1,"8","2",200,0,0.2981,0.0181,NA,10000
"743","mmm","bglm",0.1,0.1,"8","2",200,0.5,0.3069,0.0186,NA,10000
"744","mmm","bglm",0.1,0.1,"8","2",200,0.9,0.3187,0.0204,NA,10000
"745","mmm","bglm",0.1,0.125,"8","2",200,0,0.5812,0.0164,NA,10000
"746","mmm","bglm",0.1,0.125,"8","2",200,0.5,0.55,0.0204,NA,10000
"747","mmm","bglm",0.1,0.125,"8","2",200,0.9,0.5445,0.0214,NA,10000
"748","mmm","bglm",0.1,0.15,"8","2",200,0,0.8289,0.0176,NA,10000
"749","mmm","bglm",0.1,0.15,"8","2",200,0.5,0.7898,0.0216,NA,10000
"750","mmm","bglm",0.1,0.15,"8","2",200,0.9,0.7639,0.0193,NA,10000
"751","mmm","bglm",0.1,0.175,"8","2",200,0,0.9609,0.0156,NA,10000
"752","mmm","bglm",0.1,0.175,"8","2",200,0.5,0.9317,0.0201,NA,10000
"753","mmm","bglm",0.1,0.175,"8","2",200,0.9,0.9184,0.0173,NA,10000
"754","mmm","bglm",0.1,0.2,"8","2",200,0,0.9968,0.0193,NA,10000
"755","mmm","bglm",0.1,0.2,"8","2",200,0.5,0.9874,0.0212,NA,10000
"756","mmm","bglm",0.1,0.2,"8","2",200,0.9,0.98,0.0195,NA,10000
"757","mmm","bglm",0.1,0.001,"2","8",400,0,0.0282,0.0083,NA,10000
"758","mmm","bglm",0.1,0.001,"2","8",400,0.5,0.028,0.0075,NA,10000
"759","mmm","bglm",0.1,0.001,"2","8",400,0.9,0.0237,0.0134,NA,10000
"760","mmm","bglm",0.1,0.025,"2","8",400,0,0.1023,0.007,NA,10000
"761","mmm","bglm",0.1,0.025,"2","8",400,0.5,0.0707,0.0075,NA,10000
"762","mmm","bglm",0.1,0.025,"2","8",400,0.9,0.061,0.0128,NA,10000
"763","mmm","bglm",0.1,0.05,"2","8",400,0,0.3715,0.0081,NA,10000
"764","mmm","bglm",0.1,0.05,"2","8",400,0.5,0.2479,0.0079,NA,10000
"765","mmm","bglm",0.1,0.05,"2","8",400,0.9,0.1847,0.0123,NA,10000
"766","mmm","bglm",0.1,0.075,"2","8",400,0,0.8134,0.0069,NA,10000
"767","mmm","bglm",0.1,0.075,"2","8",400,0.5,0.5795,0.0095,NA,10000
"768","mmm","bglm",0.1,0.075,"2","8",400,0.9,0.4443,0.0148,NA,10000
"769","mmm","bglm",0.1,0.1,"2","8",400,0,0.992,0.0061,NA,10000
"770","mmm","bglm",0.1,0.1,"2","8",400,0.5,0.8667,0.0073,NA,10000
"771","mmm","bglm",0.1,0.1,"2","8",400,0.9,0.7386,0.0145,NA,10000
"772","mmm","bglm",0.1,0.125,"2","8",400,0,1,0.0052,NA,10000
"773","mmm","bglm",0.1,0.125,"2","8",400,0.5,0.9859,0.007,NA,10000
"774","mmm","bglm",0.1,0.125,"2","8",400,0.9,0.9286,0.0131,NA,10000
"775","mmm","bglm",0.1,0.15,"2","8",400,0,1,0.0075,NA,10000
"776","mmm","bglm",0.1,0.15,"2","8",400,0.5,0.9995,0.0083,NA,10000
"777","mmm","bglm",0.1,0.15,"2","8",400,0.9,0.9899,0.0139,NA,10000
"778","mmm","bglm",0.1,0.175,"2","8",400,0,1,0.0055,NA,10000
"779","mmm","bglm",0.1,0.175,"2","8",400,0.5,1,0.0092,NA,10000
"780","mmm","bglm",0.1,0.175,"2","8",400,0.9,0.9994,0.0123,NA,10000
"781","mmm","bglm",0.1,0.2,"2","8",400,0,1,0.0063,NA,10000
"782","mmm","bglm",0.1,0.2,"2","8",400,0.5,1,0.0079,NA,10000
"783","mmm","bglm",0.1,0.2,"2","8",400,0.9,1,0.0116,NA,10000
"784","mmm","bglm",0.1,0.001,"8","2",400,0,0.0062,0.028,NA,10000
"785","mmm","bglm",0.1,0.001,"8","2",400,0.5,0.0085,0.025,NA,10000
"786","mmm","bglm",0.1,0.001,"8","2",400,0.9,0.0151,0.0272,NA,10000
"787","mmm","bglm",0.1,0.025,"8","2",400,0,0.0272,0.0289,NA,10000
"788","mmm","bglm",0.1,0.025,"8","2",400,0.5,0.0242,0.0258,NA,10000
"789","mmm","bglm",0.1,0.025,"8","2",400,0.9,0.0399,0.0251,NA,10000
"790","mmm","bglm",0.1,0.05,"8","2",400,0,0.1105,0.0287,NA,10000
"791","mmm","bglm",0.1,0.05,"8","2",400,0.5,0.1081,0.0242,NA,10000
"792","mmm","bglm",0.1,0.05,"8","2",400,0.9,0.1312,0.0265,NA,10000
"793","mmm","bglm",0.1,0.075,"8","2",400,0,0.3342,0.0291,NA,10000
"794","mmm","bglm",0.1,0.075,"8","2",400,0.5,0.3221,0.0255,NA,10000
"795","mmm","bglm",0.1,0.075,"8","2",400,0.9,0.3316,0.0249,NA,10000
"796","mmm","bglm",0.1,0.1,"8","2",400,0,0.7005,0.0305,NA,10000
"797","mmm","bglm",0.1,0.1,"8","2",400,0.5,0.6402,0.0247,NA,10000
"798","mmm","bglm",0.1,0.1,"8","2",400,0.9,0.6356,0.0227,NA,10000
"799","mmm","bglm",0.1,0.125,"8","2",400,0,0.9399,0.0279,NA,10000
"800","mmm","bglm",0.1,0.125,"8","2",400,0.5,0.901,0.0278,NA,10000
"801","mmm","bglm",0.1,0.125,"8","2",400,0.9,0.8835,0.0261,NA,10000
"802","mmm","bglm",0.1,0.15,"8","2",400,0,0.9967,0.0289,NA,10000
"803","mmm","bglm",0.1,0.15,"8","2",400,0.5,0.9875,0.0275,NA,10000
"804","mmm","bglm",0.1,0.15,"8","2",400,0.9,0.9788,0.0231,NA,10000
"805","mmm","bglm",0.1,0.175,"8","2",400,0,1,0.0279,NA,10000
"806","mmm","bglm",0.1,0.175,"8","2",400,0.5,0.9996,0.0291,NA,10000
"807","mmm","bglm",0.1,0.175,"8","2",400,0.9,0.9985,0.0254,NA,10000
"808","mmm","bglm",0.1,0.2,"8","2",400,0,1,0.0283,NA,10000
"809","mmm","bglm",0.1,0.2,"8","2",400,0.5,1,0.0256,NA,10000
"810","mmm","bglm",0.1,0.2,"8","2",400,0.9,0.9999,0.0269,NA,10000
"811","bt","bglm",0.1,0.001,"2","8",100,0,0.0434647945488334,0.0117695643196366,NA,9686
"812","bt","bglm",0.1,0.001,"2","8",100,0.5,0.0453231468098286,0.0123890150733017,NA,9686
"813","bt","bglm",0.1,0.001,"2","8",100,0.9,0.0365475944662399,0.0204418748709478,NA,9686
"814","bt","bglm",0.1,0.025,"2","8",100,0,0.0852777204212265,0.0117695643196366,NA,9686
"815","bt","bglm",0.1,0.025,"2","8",100,0.5,0.0678298575263267,0.0116663225273591,NA,9686
"816","bt","bglm",0.1,0.025,"2","8",100,0.9,0.0557505678298575,0.0200289077018377,NA,9686
"817","bt","bglm",0.1,0.05,"2","8",100,0,0.18191203799298,0.0106339046045839,NA,9686
"818","bt","bglm",0.1,0.05,"2","8",100,0.5,0.130497625438778,0.011046871773694,NA,9686
"819","bt","bglm",0.1,0.05,"2","8",100,0.9,0.101073714639686,0.0201321494941152,NA,9686
"820","bt","bglm",0.1,0.075,"2","8",100,0,0.33594879207103,0.00640099112120586,NA,9686
"821","bt","bglm",0.1,0.075,"2","8",100,0.5,0.24292793722899,0.0100144538509189,NA,9686
"822","bt","bglm",0.1,0.075,"2","8",100,0.9,0.173755936403056,0.0177575882717324,NA,9686
"823","bt","bglm",0.1,0.1,"2","8",100,0,0.588994424943217,0.00722692545942598,NA,9686
"824","bt","bglm",0.1,0.1,"2","8",100,0.5,0.399236010737146,0.00898203592814371,NA,9686
"825","bt","bglm",0.1,0.1,"2","8",100,0.9,0.288457567623374,0.0185835226099525,NA,9686
"826","bt","bglm",0.1,0.125,"2","8",100,0,0.83264505471815,0.00691720008259343,NA,9686
"827","bt","bglm",0.1,0.125,"2","8",100,0.5,0.603551517654346,0.0103241792277514,NA,9686
"828","bt","bglm",0.1,0.125,"2","8",100,0.9,0.450443939706793,0.0137311583729094,NA,9686
"829","bt","bglm",0.1,0.15,"2","8",100,0,0.96221350402643,0.00794961800536857,NA,9686
"830","bt","bglm",0.1,0.15,"2","8",100,0.5,0.780404707825728,0.00722692545942598,NA,9686
"831","bt","bglm",0.1,0.15,"2","8",100,0.9,0.614804873012595,0.0151765434647945,NA,9686
"832","bt","bglm",0.1,0.175,"2","8",100,0,0.996180053685732,0.00702044187487095,NA,9686
"833","bt","bglm",0.1,0.175,"2","8",100,0.5,0.903675407805079,0.00660747470576089,NA,9686
"834","bt","bglm",0.1,0.175,"2","8",100,0.9,0.782572785463556,0.014453850918852,NA,9686
"835","bt","bglm",0.1,0.2,"2","8",100,0,0.999793516415445,0.00557505678298575,NA,9686
"836","bt","bglm",0.1,0.2,"2","8",100,0.5,0.972434441461904,0.00805285979764609,NA,9686
"837","bt","bglm",0.1,0.2,"2","8",100,0.9,0.902126780920917,0.0120792896964691,NA,9686
"838","bt","bglm",0.1,0.001,"8","2",100,0,0.0120792896964691,0.0428453437951683,NA,9686
"839","bt","bglm",0.1,0.001,"8","2",100,0.5,0.0145570927111295,0.040986991534173,NA,9686
"840","bt","bglm",0.1,0.001,"8","2",100,0.9,0.0236423704315507,0.0378897377658476,NA,9686
"841","bt","bglm",0.1,0.025,"8","2",100,0,0.0227131943010531,0.0383027049349577,NA,9686
"842","bt","bglm",0.1,0.025,"8","2",100,0.5,0.0237456122238282,0.0448069378484411,NA,9686
"843","bt","bglm",0.1,0.025,"8","2",100,0.9,0.033553582490192,0.0348957257897997,NA,9686
"844","bt","bglm",0.1,0.05,"8","2",100,0,0.0487301259549866,0.0417096840801156,NA,9686
"845","bt","bglm",0.1,0.05,"8","2",100,0.5,0.0533760066074747,0.0402642989882304,NA,9686
"846","bt","bglm",0.1,0.05,"8","2",100,0.9,0.0612223828205658,0.0358249019202973,NA,9686
"847","bt","bglm",0.1,0.075,"8","2",100,0,0.11377245508982,0.0404707825727855,NA,9686
"848","bt","bglm",0.1,0.075,"8","2",100,0.5,0.112327069997935,0.03737352880446,NA,9686
"849","bt","bglm",0.1,0.075,"8","2",100,0.9,0.122238282056576,0.0341730332438571,NA,9686
"850","bt","bglm",0.1,0.1,"8","2",100,0,0.219595292174272,0.0379929795581251,NA,9686
"851","bt","bglm",0.1,0.1,"8","2",100,0.5,0.220627710097047,0.0400578154036754,NA,9686
"852","bt","bglm",0.1,0.1,"8","2",100,0.9,0.230745405740244,0.0315919884369193,NA,9686
"853","bt","bglm",0.1,0.125,"8","2",100,0,0.400887879413587,0.0380962213504026,NA,9686
"854","bt","bglm",0.1,0.125,"8","2",100,0.5,0.369502374561222,0.0380962213504026,NA,9686
"855","bt","bglm",0.1,0.125,"8","2",100,0.9,0.362068965517241,0.0294239107990915,NA,9686
"856","bt","bglm",0.1,0.15,"8","2",100,0,0.605513111707619,0.0377864959735701,NA,9686
"857","bt","bglm",0.1,0.15,"8","2",100,0.5,0.555337600660747,0.0337600660747471,NA,9686
"858","bt","bglm",0.1,0.15,"8","2",100,0.9,0.548523642370431,0.0272558331612637,NA,9686
"859","bt","bglm",0.1,0.175,"8","2",100,0,0.801362791658063,0.0376832541812926,NA,9686
"860","bt","bglm",0.1,0.175,"8","2",100,0.5,0.739727441668387,0.0358249019202973,NA,9686
"861","bt","bglm",0.1,0.175,"8","2",100,0.9,0.718666116043775,0.0258104480693785,NA,9686
"862","bt","bglm",0.1,0.2,"8","2",100,0,0.921329754284534,0.0349989675820772,NA,9686
"863","bt","bglm",0.1,0.2,"8","2",100,0.5,0.875903365682428,0.037167045219905,NA,9686
"864","bt","bglm",0.1,0.2,"8","2",100,0.9,0.856080941565146,0.0303530869295891,NA,9686
"865","bt","bglm",0.1,0.001,"2","8",200,0,0.0378897377658476,0.0106339046045839,NA,9686
"866","bt","bglm",0.1,0.001,"2","8",200,0.5,0.0415032004955606,0.0117695643196366,NA,9686
"867","bt","bglm",0.1,0.001,"2","8",200,0.9,0.0406772661573405,0.01827379723312,NA,9686
"868","bt","bglm",0.1,0.025,"2","8",200,0,0.0944662399339253,0.00908527772042123,NA,9686
"869","bt","bglm",0.1,0.025,"2","8",200,0.5,0.0788767293000207,0.0121825314887466,NA,9686
"870","bt","bglm",0.1,0.025,"2","8",200,0.9,0.0602932066900681,0.0175511046871774,NA,9686
"871","bt","bglm",0.1,0.05,"2","8",200,0,0.266157340491431,0.00949824488953128,NA,9686
"872","bt","bglm",0.1,0.05,"2","8",200,0.5,0.186970885814578,0.0121825314887466,NA,9686
"873","bt","bglm",0.1,0.05,"2","8",200,0.9,0.134214329960768,0.0142473673342969,NA,9686
"874","bt","bglm",0.1,0.075,"2","8",200,0,0.565971505265331,0.0088787941358662,NA,9686
"875","bt","bglm",0.1,0.075,"2","8",200,0.5,0.391905843485443,0.00970472847408631,NA,9686
"876","bt","bglm",0.1,0.075,"2","8",200,0.9,0.282882510840388,0.0158992360107371,NA,9686
"877","bt","bglm",0.1,0.1,"2","8",200,0,0.875283914928763,0.00939500309725377,NA,9686
"878","bt","bglm",0.1,0.1,"2","8",200,0.5,0.65032004955606,0.0116663225273591,NA,9686
"879","bt","bglm",0.1,0.1,"2","8",200,0.9,0.488643402849473,0.0177575882717324,NA,9686
"880","bt","bglm",0.1,0.125,"2","8",200,0,0.990604996902746,0.00918851951269874,NA,9686
"881","bt","bglm",0.1,0.125,"2","8",200,0.5,0.857423084864753,0.011046871773694,NA,9686
"882","bt","bglm",0.1,0.125,"2","8",200,0.9,0.715981829444559,0.0161057195952922,NA,9686
"883","bt","bglm",0.1,0.15,"2","8",200,0,1,0.00774313442081355,NA,9686
"884","bt","bglm",0.1,0.15,"2","8",200,0.5,0.96634317571753,0.0100144538509189,NA,9686
"885","bt","bglm",0.1,0.15,"2","8",200,0.9,0.888189138963452,0.0163122031798472,NA,9686
"886","bt","bglm",0.1,0.175,"2","8",200,0,1,0.0088787941358662,NA,9686
"887","bt","bglm",0.1,0.175,"2","8",200,0.5,0.994011976047904,0.00949824488953128,NA,9686
"888","bt","bglm",0.1,0.175,"2","8",200,0.9,0.967788560809416,0.0135246747883543,NA,9686
"889","bt","bglm",0.1,0.2,"2","8",200,0,1,0.00640099112120586,NA,9686
"890","bt","bglm",0.1,0.2,"2","8",200,0.5,0.99958703283089,0.0102209374354739,NA,9686
"891","bt","bglm",0.1,0.2,"2","8",200,0.9,0.994528185009292,0.0174478628948999,NA,9686
"892","bt","bglm",0.1,0.001,"8","2",200,0,0.00980797026636382,0.0398513318191204,NA,9686
"893","bt","bglm",0.1,0.001,"8","2",200,0.5,0.0147635762956845,0.0391286392731778,NA,9686
"894","bt","bglm",0.1,0.001,"8","2",200,0.9,0.0199256659095602,0.0343795168284121,NA,9686
"895","bt","bglm",0.1,0.025,"8","2",200,0,0.0245715465620483,0.044600454263886,NA,9686
"896","bt","bglm",0.1,0.025,"8","2",200,0.5,0.0279785257072063,0.0387156721040677,NA,9686
"897","bt","bglm",0.1,0.025,"8","2",200,0.9,0.0404707825727855,0.0341730332438571,NA,9686
"898","bt","bglm",0.1,0.05,"8","2",200,0,0.0727854635556473,0.0426388602106133,NA,9686
"899","bt","bglm",0.1,0.05,"8","2",200,0.5,0.0765021680776378,0.0397480900268429,NA,9686
"900","bt","bglm",0.1,0.05,"8","2",200,0.9,0.085174478628949,0.0391286392731778,NA,9686
"901","bt","bglm",0.1,0.075,"8","2",200,0,0.201218253148875,0.0396448482345653,NA,9686
"902","bt","bglm",0.1,0.075,"8","2",200,0.5,0.191616766467066,0.0372702870121825,NA,9686
"903","bt","bglm",0.1,0.075,"8","2",200,0.9,0.206999793516415,0.0346892422052447,NA,9686
"904","bt","bglm",0.1,0.1,"8","2",200,0,0.423910799091472,0.040780507949618,NA,9686
"905","bt","bglm",0.1,0.1,"8","2",200,0.5,0.390150733016725,0.0392318810654553,NA,9686
"906","bt","bglm",0.1,0.1,"8","2",200,0.9,0.384988643402849,0.0327276481519719,NA,9686
"907","bt","bglm",0.1,0.125,"8","2",200,0,0.704005781540368,0.0408837497418955,NA,9686
"908","bt","bglm",0.1,0.125,"8","2",200,0.5,0.647532521164567,0.0363411108816849,NA,9686
"909","bt","bglm",0.1,0.125,"8","2",200,0.9,0.633181912037993,0.0291141854222589,NA,9686
"910","bt","bglm",0.1,0.15,"8","2",200,0,0.907908321288458,0.0399545736113979,NA,9686
"911","bt","bglm",0.1,0.15,"8","2",200,0.5,0.854842040057815,0.0353086929589098,NA,9686
"912","bt","bglm",0.1,0.15,"8","2",200,0.9,0.829134833780714,0.0314887466446417,NA,9686
"913","bt","bglm",0.1,0.175,"8","2",200,0,0.986991534173033,0.0379929795581251,NA,9686
"914","bt","bglm",0.1,0.175,"8","2",200,0.5,0.962419987610985,0.0365475944662399,NA,9686
"915","bt","bglm",0.1,0.175,"8","2",200,0.9,0.946933718769358,0.0319017138137518,NA,9686
"916","bt","bglm",0.1,0.2,"8","2",200,0,0.998657856700392,0.0352054511666323,NA,9686
"917","bt","bglm",0.1,0.2,"8","2",200,0.5,0.994218459632459,0.0339665496593021,NA,9686
"918","bt","bglm",0.1,0.2,"8","2",200,0.9,0.989779062564526,0.0301466033450341,NA,9686
"919","bt","bglm",0.1,0.001,"2","8",400,0,0.0393351228577328,0.010840388189139,NA,9686
"920","bt","bglm",0.1,0.001,"2","8",400,0.5,0.0385091885195127,0.0121825314887466,NA,9686
"921","bt","bglm",0.1,0.001,"2","8",400,0.9,0.0323146809828619,0.0165186867644022,NA,9686
"922","bt","bglm",0.1,0.025,"2","8",400,0,0.13245921949205,0.011253355358249,NA,9686
"923","bt","bglm",0.1,0.025,"2","8",400,0.5,0.104274210200289,0.0124922568655792,NA,9686
"924","bt","bglm",0.1,0.025,"2","8",400,0.9,0.074127606855255,0.0169316539335123,NA,9686
"925","bt","bglm",0.1,0.05,"2","8",400,0,0.454263886021061,0.00712368366714846,NA,9686
"926","bt","bglm",0.1,0.05,"2","8",400,0.5,0.305905430518274,0.0105306628123064,NA,9686
"927","bt","bglm",0.1,0.05,"2","8",400,0.9,0.223621722073095,0.0155895106339046,NA,9686
"928","bt","bglm",0.1,0.075,"2","8",400,0,0.86712781333884,0.0117695643196366,NA,9686
"929","bt","bglm",0.1,0.075,"2","8",400,0.5,0.640615321081974,0.00949824488953128,NA,9686
"930","bt","bglm",0.1,0.075,"2","8",400,0.9,0.493495767086517,0.0176543464794549,NA,9686
"931","bt","bglm",0.1,0.1,"2","8",400,0,0.994424943217014,0.00836258517447863,NA,9686
"932","bt","bglm",0.1,0.1,"2","8",400,0.5,0.906256452612017,0.0125954986578567,NA,9686
"933","bt","bglm",0.1,0.1,"2","8",400,0.9,0.770287012182531,0.0203386330786702,NA,9686
"934","bt","bglm",0.1,0.125,"2","8",400,0,1,0.0102209374354739,NA,9686
"935","bt","bglm",0.1,0.125,"2","8",400,0.5,0.988540161057196,0.010840388189139,NA,9686
"936","bt","bglm",0.1,0.125,"2","8",400,0.9,0.943629981416477,0.0177575882717324,NA,9686
"937","bt","bglm",0.1,0.15,"2","8",400,0,1,0.00980797026636382,NA,9686
"938","bt","bglm",0.1,0.15,"2","8",400,0.5,0.999690274623168,0.0088787941358662,NA,9686
"939","bt","bglm",0.1,0.15,"2","8",400,0.9,0.994631426801569,0.0180673136485649,NA,9686
"940","bt","bglm",0.1,0.175,"2","8",400,0,1,0.00970472847408631,NA,9686
"941","bt","bglm",0.1,0.175,"2","8",400,0.5,1,0.0101176956431964,NA,9686
"942","bt","bglm",0.1,0.175,"2","8",400,0.9,0.999690274623168,0.015073301672517,NA,9686
"943","bt","bglm",0.1,0.2,"2","8",400,0,1,0.00836258517447863,NA,9686
"944","bt","bglm",0.1,0.2,"2","8",400,0.5,1,0.0102209374354739,NA,9686
"945","bt","bglm",0.1,0.2,"2","8",400,0.9,1,0.015073301672517,NA,9686
"946","bt","bglm",0.1,0.001,"8","2",400,0,0.011459838942804,0.040780507949618,NA,9686
"947","bt","bglm",0.1,0.001,"8","2",400,0.5,0.0137311583729094,0.040780507949618,NA,9686
"948","bt","bglm",0.1,0.001,"8","2",400,0.9,0.0194094569481726,0.0339665496593021,NA,9686
"949","bt","bglm",0.1,0.025,"8","2",400,0,0.0300433615527566,0.0418129258723931,NA,9686
"950","bt","bglm",0.1,0.025,"8","2",400,0.5,0.040574024365063,0.0417096840801156,NA,9686
"951","bt","bglm",0.1,0.025,"8","2",400,0.9,0.0452199050175511,0.0317984720214743,NA,9686
"952","bt","bglm",0.1,0.05,"8","2",400,0,0.134111088168491,0.0400578154036754,NA,9686
"953","bt","bglm",0.1,0.05,"8","2",400,0.5,0.132975428453438,0.0389221556886228,NA,9686
"954","bt","bglm",0.1,0.05,"8","2",400,0.9,0.151868676440223,0.0313855048523642,NA,9686
"955","bt","bglm",0.1,0.075,"8","2",400,0,0.419368160231262,0.0374767705967376,NA,9686
"956","bt","bglm",0.1,0.075,"8","2",400,0.5,0.375387156721041,0.0404707825727855,NA,9686
"957","bt","bglm",0.1,0.075,"8","2",400,0.9,0.389428040470783,0.0329341317365269,NA,9686
"958","bt","bglm",0.1,0.1,"8","2",400,0,0.765124922568656,0.0419161676646707,NA,9686
"959","bt","bglm",0.1,0.1,"8","2",400,0.5,0.705038199463143,0.0411934751187281,NA,9686
"960","bt","bglm",0.1,0.1,"8","2",400,0.9,0.691926491843898,0.0311790212678092,NA,9686
"961","bt","bglm",0.1,0.125,"8","2",400,0,0.963555647326038,0.0401610571959529,NA,9686
"962","bt","bglm",0.1,0.125,"8","2",400,0.5,0.92938261408218,0.0342762750361346,NA,9686
"963","bt","bglm",0.1,0.125,"8","2",400,0.9,0.911005575056783,0.0307660540986992,NA,9686
"964","bt","bglm",0.1,0.15,"8","2",400,0,0.998244889531282,0.0372702870121825,NA,9686
"965","bt","bglm",0.1,0.15,"8","2",400,0.5,0.992463349163741,0.0388189138963452,NA,9686
"966","bt","bglm",0.1,0.15,"8","2",400,0.9,0.985855874457981,0.0352054511666323,NA,9686
"967","bt","bglm",0.1,0.175,"8","2",400,0,1,0.0425356184183357,NA,9686
"968","bt","bglm",0.1,0.175,"8","2",400,0.5,0.99958703283089,0.0358249019202973,NA,9686
"969","bt","bglm",0.1,0.175,"8","2",400,0.9,0.999070823869502,0.0328308899442494,NA,9686
"970","bt","bglm",0.1,0.2,"8","2",400,0,1,0.0364443526739624,NA,9686
"971","bt","bglm",0.1,0.2,"8","2",400,0.5,1,0.0363411108816849,NA,9686
"972","bt","bglm",0.1,0.2,"8","2",400,0.9,1,0.0280817674994838,NA,9686
