"","Method","Model","Intercept","J","N","Correlation","FWERW","CorMat_Error","No_simulations"
"1","bonf","glm",0.01,3,100,0,0,0,10000
"2","bonf","glm",0.01,3,100,0.5,0,0,10000
"3","bonf","glm",0.01,3,100,0.9,0,0,10000
"4","bonf","glm",0.01,3,200,0,2e-04,0,10000
"5","bonf","glm",0.01,3,200,0.5,2e-04,0,10000
"6","bonf","glm",0.01,3,200,0.9,2e-04,0,10000
"7","bonf","glm",0.01,3,400,0,0.0014,0,10000
"8","bonf","glm",0.01,3,400,0.5,7e-04,0,10000
"9","bonf","glm",0.01,3,400,0.9,6e-04,0,10000
"10","bonf","glm",0.01,5,100,0,0,0,10000
"11","bonf","glm",0.01,5,100,0.5,0,0,10000
"12","bonf","glm",0.01,5,100,0.9,0,0,10000
"13","bonf","glm",0.01,5,200,0,0,0,10000
"14","bonf","glm",0.01,5,200,0.5,0,0,10000
"15","bonf","glm",0.01,5,200,0.9,0,0,10000
"16","bonf","glm",0.01,5,400,0,8e-04,0,10000
"17","bonf","glm",0.01,5,400,0.5,4e-04,0,10000
"18","bonf","glm",0.01,5,400,0.9,2e-04,0,10000
"19","bonf","glm",0.01,10,100,0,0,0,10000
"20","bonf","glm",0.01,10,100,0.5,0,0,10000
"21","bonf","glm",0.01,10,100,0.9,0,0,10000
"22","bonf","glm",0.01,10,200,0,0,0,10000
"23","bonf","glm",0.01,10,200,0.5,0,0,10000
"24","bonf","glm",0.01,10,200,0.9,0,0,10000
"25","bonf","glm",0.01,10,400,0,0,0,10000
"26","bonf","glm",0.01,10,400,0.5,0,0,10000
"27","bonf","glm",0.01,10,400,0.9,0,0,10000
"28","bonf","glm",0.0625,3,100,0,0.0112,0,10000
"29","bonf","glm",0.0625,3,100,0.5,0.009,0,10000
"30","bonf","glm",0.0625,3,100,0.9,0.0065,0,10000
"31","bonf","glm",0.0625,3,200,0,0.0256,0,10000
"32","bonf","glm",0.0625,3,200,0.5,0.0237,0,10000
"33","bonf","glm",0.0625,3,200,0.9,0.0156,0,10000
"34","bonf","glm",0.0625,3,400,0,0.0387,0,10000
"35","bonf","glm",0.0625,3,400,0.5,0.0355,0,10000
"36","bonf","glm",0.0625,3,400,0.9,0.0209,0,10000
"37","bonf","glm",0.0625,5,100,0,0.0061,0,10000
"38","bonf","glm",0.0625,5,100,0.5,0.0052,0,10000
"39","bonf","glm",0.0625,5,100,0.9,0.0026,0,10000
"40","bonf","glm",0.0625,5,200,0,0.0214,0,10000
"41","bonf","glm",0.0625,5,200,0.5,0.0174,0,10000
"42","bonf","glm",0.0625,5,200,0.9,0.01,0,10000
"43","bonf","glm",0.0625,5,400,0,0.0374,0,10000
"44","bonf","glm",0.0625,5,400,0.5,0.0289,0,10000
"45","bonf","glm",0.0625,5,400,0.9,0.0166,0,10000
"46","bonf","glm",0.0625,10,100,0,0.0022,0,10000
"47","bonf","glm",0.0625,10,100,0.5,0.0029,0,10000
"48","bonf","glm",0.0625,10,100,0.9,8e-04,0,10000
"49","bonf","glm",0.0625,10,200,0,0.0129,0,10000
"50","bonf","glm",0.0625,10,200,0.5,0.0089,0,10000
"51","bonf","glm",0.0625,10,200,0.9,0.0037,0,10000
"52","bonf","glm",0.0625,10,400,0,0.0326,0,10000
"53","bonf","glm",0.0625,10,400,0.5,0.025,0,10000
"54","bonf","glm",0.0625,10,400,0.9,0.0117,0,10000
"55","bonf","glm",0.125,3,100,0,0.0252,0,10000
"56","bonf","glm",0.125,3,100,0.5,0.0254,0,10000
"57","bonf","glm",0.125,3,100,0.9,0.0154,0,10000
"58","bonf","glm",0.125,3,200,0,0.0394,0,10000
"59","bonf","glm",0.125,3,200,0.5,0.0377,0,10000
"60","bonf","glm",0.125,3,200,0.9,0.0244,0,10000
"61","bonf","glm",0.125,3,400,0,0.0449,0,10000
"62","bonf","glm",0.125,3,400,0.5,0.0402,0,10000
"63","bonf","glm",0.125,3,400,0.9,0.0272,0,10000
"64","bonf","glm",0.125,5,100,0,0.0221,0,10000
"65","bonf","glm",0.125,5,100,0.5,0.0187,0,10000
"66","bonf","glm",0.125,5,100,0.9,0.0096,0,10000
"67","bonf","glm",0.125,5,200,0,0.0332,0,10000
"68","bonf","glm",0.125,5,200,0.5,0.0311,0,10000
"69","bonf","glm",0.125,5,200,0.9,0.0156,0,10000
"70","bonf","glm",0.125,5,400,0,0.0435,0,10000
"71","bonf","glm",0.125,5,400,0.5,0.0388,0,10000
"72","bonf","glm",0.125,5,400,0.9,0.0193,0,10000
"73","bonf","glm",0.125,10,100,0,0.0159,0,10000
"74","bonf","glm",0.125,10,100,0.5,0.0117,0,10000
"75","bonf","glm",0.125,10,100,0.9,0.0044,0,10000
"76","bonf","glm",0.125,10,200,0,0.0295,0,10000
"77","bonf","glm",0.125,10,200,0.5,0.0255,0,10000
"78","bonf","glm",0.125,10,200,0.9,0.0099,0,10000
"79","bonf","glm",0.125,10,400,0,0.0404,0,10000
"80","bonf","glm",0.125,10,400,0.5,0.0301,0,10000
"81","bonf","glm",0.125,10,400,0.9,0.0117,0,10000
"82","bonf","glm",0.25,3,100,0,0.0409,0,10000
"83","bonf","glm",0.25,3,100,0.5,0.0343,0,10000
"84","bonf","glm",0.25,3,100,0.9,0.0249,0,10000
"85","bonf","glm",0.25,3,200,0,0.0439,0,10000
"86","bonf","glm",0.25,3,200,0.5,0.0408,0,10000
"87","bonf","glm",0.25,3,200,0.9,0.0273,0,10000
"88","bonf","glm",0.25,3,400,0,0.0436,0,10000
"89","bonf","glm",0.25,3,400,0.5,0.0406,0,10000
"90","bonf","glm",0.25,3,400,0.9,0.0259,0,10000
"91","bonf","glm",0.25,5,100,0,0.0387,0,10000
"92","bonf","glm",0.25,5,100,0.5,0.0301,0,10000
"93","bonf","glm",0.25,5,100,0.9,0.0155,0,10000
"94","bonf","glm",0.25,5,200,0,0.0406,0,10000
"95","bonf","glm",0.25,5,200,0.5,0.0349,0,10000
"96","bonf","glm",0.25,5,200,0.9,0.0203,0,10000
"97","bonf","glm",0.25,5,400,0,0.045,0,10000
"98","bonf","glm",0.25,5,400,0.5,0.0387,0,10000
"99","bonf","glm",0.25,5,400,0.9,0.0209,0,10000
"100","bonf","glm",0.25,10,100,0,0.0266,0,10000
"101","bonf","glm",0.25,10,100,0.5,0.0239,0,10000
"102","bonf","glm",0.25,10,100,0.9,0.0084,0,10000
"103","bonf","glm",0.25,10,200,0,0.0384,0,10000
"104","bonf","glm",0.25,10,200,0.5,0.0304,0,10000
"105","bonf","glm",0.25,10,200,0.9,0.0136,0,10000
"106","bonf","glm",0.25,10,400,0,0.0412,0,10000
"107","bonf","glm",0.25,10,400,0.5,0.0377,0,10000
"108","bonf","glm",0.25,10,400,0.9,0.0144,0,10000
"109","bonf","glm",0.375,3,100,0,0.0396,0,10000
"110","bonf","glm",0.375,3,100,0.5,0.0396,0,10000
"111","bonf","glm",0.375,3,100,0.9,0.0242,0,10000
"112","bonf","glm",0.375,3,200,0,0.05,0,10000
"113","bonf","glm",0.375,3,200,0.5,0.0426,0,10000
"114","bonf","glm",0.375,3,200,0.9,0.0289,0,10000
"115","bonf","glm",0.375,3,400,0,0.0432,0,10000
"116","bonf","glm",0.375,3,400,0.5,0.04,0,10000
"117","bonf","glm",0.375,3,400,0.9,0.0275,0,10000
"118","bonf","glm",0.375,5,100,0,0.0395,0,10000
"119","bonf","glm",0.375,5,100,0.5,0.0342,0,10000
"120","bonf","glm",0.375,5,100,0.9,0.0208,0,10000
"121","bonf","glm",0.375,5,200,0,0.045,0,10000
"122","bonf","glm",0.375,5,200,0.5,0.0397,0,10000
"123","bonf","glm",0.375,5,200,0.9,0.0216,0,10000
"124","bonf","glm",0.375,5,400,0,0.0505,0,10000
"125","bonf","glm",0.375,5,400,0.5,0.0367,0,10000
"126","bonf","glm",0.375,5,400,0.9,0.022,0,10000
"127","bonf","glm",0.375,10,100,0,0.0345,0,10000
"128","bonf","glm",0.375,10,100,0.5,0.0293,0,10000
"129","bonf","glm",0.375,10,100,0.9,0.0139,0,10000
"130","bonf","glm",0.375,10,200,0,0.0427,0,10000
"131","bonf","glm",0.375,10,200,0.5,0.0342,0,10000
"132","bonf","glm",0.375,10,200,0.9,0.0153,0,10000
"133","bonf","glm",0.375,10,400,0,0.0466,0,10000
"134","bonf","glm",0.375,10,400,0.5,0.0377,0,10000
"135","bonf","glm",0.375,10,400,0.9,0.015,0,10000
"136","bonf","glm",0.5,3,100,0,0.0443,0,10000
"137","bonf","glm",0.5,3,100,0.5,0.0375,0,10000
"138","bonf","glm",0.5,3,100,0.9,0.027,0,10000
"139","bonf","glm",0.5,3,200,0,0.0471,0,10000
"140","bonf","glm",0.5,3,200,0.5,0.0425,0,10000
"141","bonf","glm",0.5,3,200,0.9,0.028,0,10000
"142","bonf","glm",0.5,3,400,0,0.0445,0,10000
"143","bonf","glm",0.5,3,400,0.5,0.0393,0,10000
"144","bonf","glm",0.5,3,400,0.9,0.029,0,10000
"145","bonf","glm",0.5,5,100,0,0.0406,0,10000
"146","bonf","glm",0.5,5,100,0.5,0.0374,0,10000
"147","bonf","glm",0.5,5,100,0.9,0.0198,0,10000
"148","bonf","glm",0.5,5,200,0,0.0462,0,10000
"149","bonf","glm",0.5,5,200,0.5,0.0395,0,10000
"150","bonf","glm",0.5,5,200,0.9,0.0211,0,10000
"151","bonf","glm",0.5,5,400,0,0.0487,0,10000
"152","bonf","glm",0.5,5,400,0.5,0.0405,0,10000
"153","bonf","glm",0.5,5,400,0.9,0.0235,0,10000
"154","bonf","glm",0.5,10,100,0,0.0391,0,10000
"155","bonf","glm",0.5,10,100,0.5,0.0313,0,10000
"156","bonf","glm",0.5,10,100,0.9,0.011,0,10000
"157","bonf","glm",0.5,10,200,0,0.0428,0,10000
"158","bonf","glm",0.5,10,200,0.5,0.0336,0,10000
"159","bonf","glm",0.5,10,200,0.9,0.0147,0,10000
"160","bonf","glm",0.5,10,400,0,0.0451,0,10000
"161","bonf","glm",0.5,10,400,0.5,0.0362,0,10000
"162","bonf","glm",0.5,10,400,0.9,0.0174,0,10000
"163","mmm","glm",0.01,3,100,0,0,0.1862,10000
"164","mmm","glm",0.01,3,100,0.5,1e-04,0.1384,10000
"165","mmm","glm",0.01,3,100,0.9,1e-04,0.0851,10000
"166","mmm","glm",0.01,3,200,0,0,0.1172,10000
"167","mmm","glm",0.01,3,200,0.5,2e-04,0.0986,10000
"168","mmm","glm",0.01,3,200,0.9,5e-04,0.0554,10000
"169","mmm","glm",0.01,3,400,0,0.0012,0.0211,10000
"170","mmm","glm",0.01,3,400,0.5,0.002,0.02,10000
"171","mmm","glm",0.01,3,400,0.9,0.0068,0.0105,10000
"172","mmm","glm",0.01,5,100,0,0,0.2895,10000
"173","mmm","glm",0.01,5,100,0.5,0,0.1821,10000
"174","mmm","glm",0.01,5,100,0.9,0,0.0892,10000
"175","mmm","glm",0.01,5,200,0,0,0.1764,10000
"176","mmm","glm",0.01,5,200,0.5,0,0.1371,10000
"177","mmm","glm",0.01,5,200,0.9,6e-04,0.0694,10000
"178","mmm","glm",0.01,5,400,0,8e-04,0.0385,10000
"179","mmm","glm",0.01,5,400,0.5,9e-04,0.0322,10000
"180","mmm","glm",0.01,5,400,0.9,0.0049,0.017,10000
"181","mmm","glm",0.01,10,100,0,0,0.4915,10000
"182","mmm","glm",0.01,10,100,0.5,0,0.2221,10000
"183","mmm","glm",0.01,10,100,0.9,0,0.107,10000
"184","mmm","glm",0.01,10,200,0,0,0.3293,10000
"185","mmm","glm",0.01,10,200,0.5,0,0.2072,10000
"186","mmm","glm",0.01,10,200,0.9,1e-04,0.0932,10000
"187","mmm","glm",0.01,10,400,0,1e-04,0.071,10000
"188","mmm","glm",0.01,10,400,0.5,6e-04,0.0633,10000
"189","mmm","glm",0.01,10,400,0.9,0.0017,0.0228,10000
"190","mmm","glm",0.0625,3,100,0,0.0079,0.0098,10000
"191","mmm","glm",0.0625,3,100,0.5,0.0093,0.0074,10000
"192","mmm","glm",0.0625,3,100,0.9,0.0143,0.006,10000
"193","mmm","glm",0.0625,3,200,0,0.0264,0,10000
"194","mmm","glm",0.0625,3,200,0.5,0.0278,1e-04,10000
"195","mmm","glm",0.0625,3,200,0.9,0.0319,0,10000
"196","mmm","glm",0.0625,3,400,0,0.0417,0,10000
"197","mmm","glm",0.0625,3,400,0.5,0.0418,0,10000
"198","mmm","glm",0.0625,3,400,0.9,0.0444,0,10000
"199","mmm","glm",0.0625,5,100,0,0.0054,0.0138,10000
"200","mmm","glm",0.0625,5,100,0.5,0.0057,0.0146,10000
"201","mmm","glm",0.0625,5,100,0.9,0.0134,0.0089,10000
"202","mmm","glm",0.0625,5,200,0,0.0182,2e-04,10000
"203","mmm","glm",0.0625,5,200,0.5,0.0216,3e-04,10000
"204","mmm","glm",0.0625,5,200,0.9,0.0308,1e-04,10000
"205","mmm","glm",0.0625,5,400,0,0.0388,0,10000
"206","mmm","glm",0.0625,5,400,0.5,0.0363,0,10000
"207","mmm","glm",0.0625,5,400,0.9,0.0448,0,10000
"208","mmm","glm",0.0625,10,100,0,0.0018,0.0287,10000
"209","mmm","glm",0.0625,10,100,0.5,0.0031,0.0228,10000
"210","mmm","glm",0.0625,10,100,0.9,0.0097,0.011,10000
"211","mmm","glm",0.0625,10,200,0,0.0149,0,10000
"212","mmm","glm",0.0625,10,200,0.5,0.0181,1e-04,10000
"213","mmm","glm",0.0625,10,200,0.9,0.029,1e-04,10000
"214","mmm","glm",0.0625,10,400,0,0.03,0,10000
"215","mmm","glm",0.0625,10,400,0.5,0.0342,0,10000
"216","mmm","glm",0.0625,10,400,0.9,0.0434,0,10000
"217","mmm","glm",0.125,3,100,0,0.0271,0,10000
"218","mmm","glm",0.125,3,100,0.5,0.029,0,10000
"219","mmm","glm",0.125,3,100,0.9,0.0322,3e-04,10000
"220","mmm","glm",0.125,3,200,0,0.0405,0,10000
"221","mmm","glm",0.125,3,200,0.5,0.0393,0,10000
"222","mmm","glm",0.125,3,200,0.9,0.0458,0,10000
"223","mmm","glm",0.125,3,400,0,0.046,0,10000
"224","mmm","glm",0.125,3,400,0.5,0.0504,0,10000
"225","mmm","glm",0.125,3,400,0.9,0.0451,0,10000
"226","mmm","glm",0.125,5,100,0,0.0209,1e-04,10000
"227","mmm","glm",0.125,5,100,0.5,0.0246,2e-04,10000
"228","mmm","glm",0.125,5,100,0.9,0.0338,0,10000
"229","mmm","glm",0.125,5,200,0,0.034,0,10000
"230","mmm","glm",0.125,5,200,0.5,0.0364,0,10000
"231","mmm","glm",0.125,5,200,0.9,0.0413,0,10000
"232","mmm","glm",0.125,5,400,0,0.0432,0,10000
"233","mmm","glm",0.125,5,400,0.5,0.0424,0,10000
"234","mmm","glm",0.125,5,400,0.9,0.0447,0,10000
"235","mmm","glm",0.125,10,100,0,0.0161,2e-04,10000
"236","mmm","glm",0.125,10,100,0.5,0.0193,2e-04,10000
"237","mmm","glm",0.125,10,100,0.9,0.0302,0,10000
"238","mmm","glm",0.125,10,200,0,0.0348,0,10000
"239","mmm","glm",0.125,10,200,0.5,0.036,0,10000
"240","mmm","glm",0.125,10,200,0.9,0.0422,0,10000
"241","mmm","glm",0.125,10,400,0,0.0412,0,10000
"242","mmm","glm",0.125,10,400,0.5,0.0449,0,10000
"243","mmm","glm",0.125,10,400,0.9,0.0463,0,10000
"244","mmm","glm",0.25,3,100,0,0.0388,0,10000
"245","mmm","glm",0.25,3,100,0.5,0.0386,0,10000
"246","mmm","glm",0.25,3,100,0.9,0.0453,0,10000
"247","mmm","glm",0.25,3,200,0,0.0459,0,10000
"248","mmm","glm",0.25,3,200,0.5,0.0474,0,10000
"249","mmm","glm",0.25,3,200,0.9,0.0443,0,10000
"250","mmm","glm",0.25,3,400,0,0.0495,0,10000
"251","mmm","glm",0.25,3,400,0.5,0.0475,0,10000
"252","mmm","glm",0.25,3,400,0.9,0.0478,0,10000
"253","mmm","glm",0.25,5,100,0,0.0371,0,10000
"254","mmm","glm",0.25,5,100,0.5,0.0354,0,10000
"255","mmm","glm",0.25,5,100,0.9,0.0433,0,10000
"256","mmm","glm",0.25,5,200,0,0.042,0,10000
"257","mmm","glm",0.25,5,200,0.5,0.0483,0,10000
"258","mmm","glm",0.25,5,200,0.9,0.0474,0,10000
"259","mmm","glm",0.25,5,400,0,0.0456,0,10000
"260","mmm","glm",0.25,5,400,0.5,0.0484,0,10000
"261","mmm","glm",0.25,5,400,0.9,0.0483,0,10000
"262","mmm","glm",0.25,10,100,0,0.028,0,10000
"263","mmm","glm",0.25,10,100,0.5,0.037,0,10000
"264","mmm","glm",0.25,10,100,0.9,0.0406,0,10000
"265","mmm","glm",0.25,10,200,0,0.0403,0,10000
"266","mmm","glm",0.25,10,200,0.5,0.0448,0,10000
"267","mmm","glm",0.25,10,200,0.9,0.0462,0,10000
"268","mmm","glm",0.25,10,400,0,0.0434,0,10000
"269","mmm","glm",0.25,10,400,0.5,0.0449,0,10000
"270","mmm","glm",0.25,10,400,0.9,0.0489,0,10000
"271","mmm","glm",0.375,3,100,0,0.0396,0,10000
"272","mmm","glm",0.375,3,100,0.5,0.0472,0,10000
"273","mmm","glm",0.375,3,100,0.9,0.0474,0,10000
"274","mmm","glm",0.375,3,200,0,0.0469,0,10000
"275","mmm","glm",0.375,3,200,0.5,0.0506,0,10000
"276","mmm","glm",0.375,3,200,0.9,0.0476,0,10000
"277","mmm","glm",0.375,3,400,0,0.0494,0,10000
"278","mmm","glm",0.375,3,400,0.5,0.0496,0,10000
"279","mmm","glm",0.375,3,400,0.9,0.0496,0,10000
"280","mmm","glm",0.375,5,100,0,0.0401,0,10000
"281","mmm","glm",0.375,5,100,0.5,0.0453,0,10000
"282","mmm","glm",0.375,5,100,0.9,0.0459,0,10000
"283","mmm","glm",0.375,5,200,0,0.047,0,10000
"284","mmm","glm",0.375,5,200,0.5,0.0468,0,10000
"285","mmm","glm",0.375,5,200,0.9,0.0453,0,10000
"286","mmm","glm",0.375,5,400,0,0.0458,0,10000
"287","mmm","glm",0.375,5,400,0.5,0.0478,0,10000
"288","mmm","glm",0.375,5,400,0.9,0.0455,0,10000
"289","mmm","glm",0.375,10,100,0,0.0384,0,10000
"290","mmm","glm",0.375,10,100,0.5,0.0385,0,10000
"291","mmm","glm",0.375,10,100,0.9,0.0446,0,10000
"292","mmm","glm",0.375,10,200,0,0.0407,0,10000
"293","mmm","glm",0.375,10,200,0.5,0.0434,0,10000
"294","mmm","glm",0.375,10,200,0.9,0.0477,0,10000
"295","mmm","glm",0.375,10,400,0,0.0465,0,10000
"296","mmm","glm",0.375,10,400,0.5,0.0457,0,10000
"297","mmm","glm",0.375,10,400,0.9,0.0468,0,10000
"298","mmm","glm",0.5,3,100,0,0.0435,0,10000
"299","mmm","glm",0.5,3,100,0.5,0.0448,0,10000
"300","mmm","glm",0.5,3,100,0.9,0.0452,0,10000
"301","mmm","glm",0.5,3,200,0,0.046,0,10000
"302","mmm","glm",0.5,3,200,0.5,0.0493,0,10000
"303","mmm","glm",0.5,3,200,0.9,0.0473,0,10000
"304","mmm","glm",0.5,3,400,0,0.0511,0,10000
"305","mmm","glm",0.5,3,400,0.5,0.0482,0,10000
"306","mmm","glm",0.5,3,400,0.9,0.0541,0,10000
"307","mmm","glm",0.5,5,100,0,0.0429,0,10000
"308","mmm","glm",0.5,5,100,0.5,0.0423,0,10000
"309","mmm","glm",0.5,5,100,0.9,0.0479,0,10000
"310","mmm","glm",0.5,5,200,0,0.0444,0,10000
"311","mmm","glm",0.5,5,200,0.5,0.0483,0,10000
"312","mmm","glm",0.5,5,200,0.9,0.0479,0,10000
"313","mmm","glm",0.5,5,400,0,0.0486,0,10000
"314","mmm","glm",0.5,5,400,0.5,0.0476,0,10000
"315","mmm","glm",0.5,5,400,0.9,0.051,0,10000
"316","mmm","glm",0.5,10,100,0,0.0384,0,10000
"317","mmm","glm",0.5,10,100,0.5,0.0419,0,10000
"318","mmm","glm",0.5,10,100,0.9,0.0465,0,10000
"319","mmm","glm",0.5,10,200,0,0.0409,0,10000
"320","mmm","glm",0.5,10,200,0.5,0.0423,0,10000
"321","mmm","glm",0.5,10,200,0.9,0.0492,0,10000
"322","mmm","glm",0.5,10,400,0,0.0459,0,10000
"323","mmm","glm",0.5,10,400,0.5,0.0505,0,10000
"324","mmm","glm",0.5,10,400,0.9,0.048,0,10000
"325","bt","glm",0.01,3,100,0,0.00853862008047895,0,10189
"326","bt","glm",0.01,3,100,0.5,0.00912749043085681,0,10189
"327","bt","glm",0.01,3,100,0.9,0.00382765727745608,0,10189
"328","bt","glm",0.01,3,200,0,0.0257140052998332,0,10189
"329","bt","glm",0.01,3,200,0.5,0.0218863480223771,0,10189
"330","bt","glm",0.01,3,200,0.9,0.019334576504073,0,10189
"331","bt","glm",0.01,3,400,0,0.0451467268623025,0,10189
"332","bt","glm",0.01,3,400,0.5,0.0469133379134361,0,10189
"333","bt","glm",0.01,3,400,0.9,0.0460300323878693,0,10189
"334","bt","glm",0.01,5,100,0,0.011090391598783,0,10189
"335","bt","glm",0.01,5,100,0.5,0.00942192560604574,0,10189
"336","bt","glm",0.01,5,100,0.9,0.00441652762783394,0,10189
"337","bt","glm",0.01,5,200,0,0.0247325547158701,0,10189
"338","bt","glm",0.01,5,200,0.5,0.0236529590735107,0,10189
"339","bt","glm",0.01,5,200,0.9,0.0194327215624693,0,10189
"340","bt","glm",0.01,5,400,0,0.0428893905191874,0,10189
"341","bt","glm",0.01,5,400,0.5,0.0448522916871136,0,10189
"342","bt","glm",0.01,5,400,0.9,0.0473059181470213,0,10189
"343","bt","glm",0.01,10,100,0,0.0105015212484051,0,10189
"344","bt","glm",0.01,10,100,0.5,0.0104033761900088,0,10189
"345","bt","glm",0.01,10,100,0.9,0.00461281774462656,0,10189
"346","bt","glm",0.01,10,200,0,0.023456668956718,0,10189
"347","bt","glm",0.01,10,200,0.5,0.0260084404750221,0,10189
"348","bt","glm",0.01,10,200,0.9,0.0181568358033173,0,10189
"349","bt","glm",0.01,10,400,0,0.0393561684169202,0,10189
"350","bt","glm",0.01,10,400,0.5,0.0465207576798508,0,10189
"351","bt","glm",0.01,10,400,0.9,0.0447541466287172,0,10189
"352","bt","glm",0.0625,3,100,0,0.052900186475611,0,10189
"353","bt","glm",0.0625,3,100,0.5,0.0602610658553342,0,10189
"354","bt","glm",0.0625,3,100,0.9,0.0602610658553342,0,10189
"355","bt","glm",0.0625,3,200,0,0.05132986554127,0,10189
"356","bt","glm",0.0625,3,200,0.5,0.0522131710668368,0,10189
"357","bt","glm",0.0625,3,200,0.9,0.0575130042202375,0,10189
"358","bt","glm",0.0625,3,400,0,0.0525076062420257,0,10189
"359","bt","glm",0.0625,3,400,0.5,0.0470114829718324,0,10189
"360","bt","glm",0.0625,3,400,0.9,0.0493669643733438,0,10189
"361","bt","glm",0.0625,5,100,0,0.0517224457748552,0,10189
"362","bt","glm",0.0625,5,100,0.5,0.0501521248405143,0,10189
"363","bt","glm",0.0625,5,100,0.9,0.0604573559721268,0,10189
"364","bt","glm",0.0625,5,200,0,0.052900186475611,0,10189
"365","bt","glm",0.0625,5,200,0.5,0.0537834920011777,0,10189
"366","bt","glm",0.0625,5,200,0.9,0.0620276769064678,0,10189
"367","bt","glm",0.0625,5,400,0,0.0480910786141918,0,10189
"368","bt","glm",0.0625,5,400,0.5,0.0527038963588183,0,10189
"369","bt","glm",0.0625,5,400,0.9,0.0510354303660811,0,10189
"370","bt","glm",0.0625,10,100,0,0.0501521248405143,0,10189
"371","bt","glm",0.0625,10,100,0.5,0.0527038963588183,0,10189
"372","bt","glm",0.0625,10,100,0.9,0.0590833251545785,0,10189
"373","bt","glm",0.0625,10,200,0,0.0504465600157032,0,10189
"374","bt","glm",0.0625,10,200,0.5,0.0547649425851408,0,10189
"375","bt","glm",0.0625,10,200,0.9,0.0612425164392973,0,10189
"376","bt","glm",0.0625,10,400,0,0.0507409951908921,0,10189
"377","bt","glm",0.0625,10,400,0.5,0.0546667975267445,0,10189
"378","bt","glm",0.0625,10,400,0.9,0.0529983315340073,0,10189
"379","bt","glm",0.125,3,100,0,0.0533909117675925,0,10189
"380","bt","glm",0.125,3,100,0.5,0.0511335754244774,0,10189
"381","bt","glm",0.125,3,100,0.9,0.0544705074099519,0,10189
"382","bt","glm",0.125,3,200,0,0.0494651094317401,0,10189
"383","bt","glm",0.125,3,200,0.5,0.047207773088625,0,10189
"384","bt","glm",0.125,3,200,0.9,0.0470114829718324,0,10189
"385","bt","glm",0.125,3,400,0,0.0473059181470213,0,10189
"386","bt","glm",0.125,3,400,0.5,0.0504465600157032,0,10189
"387","bt","glm",0.125,3,400,0.9,0.0519187358916479,0,10189
"388","bt","glm",0.125,5,100,0,0.0555501030523113,0,10189
"389","bt","glm",0.125,5,100,0.5,0.0544705074099519,0,10189
"390","bt","glm",0.125,5,100,0.9,0.057022278928256,0,10189
"391","bt","glm",0.125,5,200,0,0.0508391402492884,0,10189
"392","bt","glm",0.125,5,200,0.5,0.05132986554127,0,10189
"393","bt","glm",0.125,5,200,0.9,0.05132986554127,0,10189
"394","bt","glm",0.125,5,400,0,0.0543723623515556,0,10189
"395","bt","glm",0.125,5,400,0.5,0.0508391402492884,0,10189
"396","bt","glm",0.125,5,400,0.9,0.0551575228187261,0,10189
"397","bt","glm",0.125,10,100,0,0.0536853469427814,0,10189
"398","bt","glm",0.125,10,100,0.5,0.0555501030523113,0,10189
"399","bt","glm",0.125,10,100,0.9,0.0564334085778781,0,10189
"400","bt","glm",0.125,10,200,0,0.0536853469427814,0,10189
"401","bt","glm",0.125,10,200,0.5,0.0481892236725881,0,10189
"402","bt","glm",0.125,10,200,0.9,0.0520168809500442,0,10189
"403","bt","glm",0.125,10,400,0,0.0506428501324958,0,10189
"404","bt","glm",0.125,10,400,0.5,0.0533909117675925,0,10189
"405","bt","glm",0.125,10,400,0.9,0.0515261556580626,0,10189
"406","bt","glm",0.25,3,100,0,0.0508391402492884,0,10189
"407","bt","glm",0.25,3,100,0.5,0.0479929335557955,0,10189
"408","bt","glm",0.25,3,100,0.9,0.0504465600157032,0,10189
"409","bt","glm",0.25,3,200,0,0.0527038963588183,0,10189
"410","bt","glm",0.25,3,200,0.5,0.0511335754244774,0,10189
"411","bt","glm",0.25,3,200,0.9,0.0488762390813623,0,10189
"412","bt","glm",0.25,3,400,0,0.0499558347237217,0,10189
"413","bt","glm",0.25,3,400,0.5,0.050053979782118,0,10189
"414","bt","glm",0.25,3,400,0.9,0.0520168809500442,0,10189
"415","bt","glm",0.25,5,100,0,0.0527038963588183,0,10189
"416","bt","glm",0.25,5,100,0.5,0.0555501030523113,0,10189
"417","bt","glm",0.25,5,100,0.9,0.0521150260084405,0,10189
"418","bt","glm",0.25,5,200,0,0.0508391402492884,0,10189
"419","bt","glm",0.25,5,200,0.5,0.0504465600157032,0,10189
"420","bt","glm",0.25,5,200,0.9,0.0515261556580626,0,10189
"421","bt","glm",0.25,5,400,0,0.0467170477966434,0,10189
"422","bt","glm",0.25,5,400,0.5,0.0467170477966434,0,10189
"423","bt","glm",0.25,5,400,0.9,0.0505447050740995,0,10189
"424","bt","glm",0.25,10,100,0,0.0498576896653254,0,10189
"425","bt","glm",0.25,10,100,0.5,0.0508391402492884,0,10189
"426","bt","glm",0.25,10,100,0.9,0.0527038963588183,0,10189
"427","bt","glm",0.25,10,200,0,0.0471096280302287,0,10189
"428","bt","glm",0.25,10,200,0.5,0.0503484149573069,0,10189
"429","bt","glm",0.25,10,200,0.9,0.0476003533222102,0,10189
"430","bt","glm",0.25,10,400,0,0.0507409951908921,0,10189
"431","bt","glm",0.25,10,400,0.5,0.0521150260084405,0,10189
"432","bt","glm",0.25,10,400,0.9,0.0461281774462656,0,10189
"433","bt","glm",0.375,3,100,0,0.0515261556580626,0,10189
"434","bt","glm",0.375,3,100,0.5,0.0505447050740995,0,10189
"435","bt","glm",0.375,3,100,0.9,0.0474040632054176,0,10189
"436","bt","glm",0.375,3,200,0,0.0487780940229659,0,10189
"437","bt","glm",0.375,3,200,0.5,0.0452448719206988,0,10189
"438","bt","glm",0.375,3,200,0.9,0.052900186475611,0,10189
"439","bt","glm",0.375,3,400,0,0.0520168809500442,0,10189
"440","bt","glm",0.375,3,400,0.5,0.0494651094317401,0,10189
"441","bt","glm",0.375,3,400,0.9,0.0515261556580626,0,10189
"442","bt","glm",0.375,5,100,0,0.0518205908332515,0,10189
"443","bt","glm",0.375,5,100,0.5,0.049759544606929,0,10189
"444","bt","glm",0.375,5,100,0.9,0.0517224457748552,0,10189
"445","bt","glm",0.375,5,200,0,0.049759544606929,0,10189
"446","bt","glm",0.375,5,200,0.5,0.0548630876435371,0,10189
"447","bt","glm",0.375,5,200,0.9,0.0507409951908921,0,10189
"448","bt","glm",0.375,5,400,0,0.0504465600157032,0,10189
"449","bt","glm",0.375,5,400,0.5,0.0530964765924036,0,10189
"450","bt","glm",0.375,5,400,0.9,0.0540779271763667,0,10189
"451","bt","glm",0.375,10,100,0,0.048483658847777,0,10189
"452","bt","glm",0.375,10,100,0.5,0.0481892236725881,0,10189
"453","bt","glm",0.375,10,100,0.9,0.0544705074099519,0,10189
"454","bt","glm",0.375,10,200,0,0.0508391402492884,0,10189
"455","bt","glm",0.375,10,200,0.5,0.0492688193149475,0,10189
"456","bt","glm",0.375,10,200,0.9,0.049759544606929,0,10189
"457","bt","glm",0.375,10,400,0,0.0489743841397586,0,10189
"458","bt","glm",0.375,10,400,0.5,0.0475022082638139,0,10189
"459","bt","glm",0.375,10,400,0.9,0.0504465600157032,0,10189
"460","bt","glm",0.5,3,100,0,0.0488762390813623,0,10189
"461","bt","glm",0.5,3,100,0.5,0.0515261556580626,0,10189
"462","bt","glm",0.5,3,100,0.9,0.0508391402492884,0,10189
"463","bt","glm",0.5,3,200,0,0.05132986554127,0,10189
"464","bt","glm",0.5,3,200,0.5,0.0527038963588183,0,10189
"465","bt","glm",0.5,3,200,0.9,0.048483658847777,0,10189
"466","bt","glm",0.5,3,400,0,0.0547649425851408,0,10189
"467","bt","glm",0.5,3,400,0.5,0.0503484149573069,0,10189
"468","bt","glm",0.5,3,400,0.9,0.0498576896653254,0,10189
"469","bt","glm",0.5,5,100,0,0.0528020414172146,0,10189
"470","bt","glm",0.5,5,100,0.5,0.0505447050740995,0,10189
"471","bt","glm",0.5,5,100,0.9,0.0524094611836294,0,10189
"472","bt","glm",0.5,5,200,0,0.0501521248405143,0,10189
"473","bt","glm",0.5,5,200,0.5,0.0504465600157032,0,10189
"474","bt","glm",0.5,5,200,0.9,0.0495632544901364,0,10189
"475","bt","glm",0.5,5,400,0,0.050053979782118,0,10189
"476","bt","glm",0.5,5,400,0.5,0.0512317204828737,0,10189
"477","bt","glm",0.5,5,400,0.9,0.0514280105996663,0,10189
"478","bt","glm",0.5,10,100,0,0.0518205908332515,0,10189
"479","bt","glm",0.5,10,100,0.5,0.0503484149573069,0,10189
"480","bt","glm",0.5,10,100,0.9,0.0496613995485327,0,10189
"481","bt","glm",0.5,10,200,0,0.0502502698989106,0,10189
"482","bt","glm",0.5,10,200,0.5,0.0537834920011777,0,10189
"483","bt","glm",0.5,10,200,0.9,0.0534890568259888,0,10189
"484","bt","glm",0.5,10,400,0,0.0482873687309844,0,10189
"485","bt","glm",0.5,10,400,0.5,0.0494651094317401,0,10189
"486","bt","glm",0.5,10,400,0.9,0.0529983315340073,0,10189
"487","bt","bglm",0.01,3,100,0,0.0337918660287081,0,10032
"488","bt","bglm",0.01,3,100,0.5,0.0340909090909091,0,10032
"489","bt","bglm",0.01,3,100,0.9,0.0260167464114833,0,10032
"490","bt","bglm",0.01,3,200,0,0.046451355661882,0,10032
"491","bt","bglm",0.01,3,200,0.5,0.0508373205741627,0,10032
"492","bt","bglm",0.01,3,200,0.9,0.0453548644338118,0,10032
"493","bt","bglm",0.01,3,400,0,0.0502392344497608,0,10032
"494","bt","bglm",0.01,3,400,0.5,0.0557216905901116,0,10032
"495","bt","bglm",0.01,3,400,0.9,0.0619019138755981,0,10032
"496","bt","bglm",0.01,5,100,0,0.0337918660287081,0,10032
"497","bt","bglm",0.01,5,100,0.5,0.0364832535885167,0,10032
"498","bt","bglm",0.01,5,100,0.9,0.023225677830941,0,10032
"499","bt","bglm",0.01,5,200,0,0.0424641148325359,0,10032
"500","bt","bglm",0.01,5,200,0.5,0.0505382775119617,0,10032
"501","bt","bglm",0.01,5,200,0.9,0.0460526315789474,0,10032
"502","bt","bglm",0.01,5,400,0,0.0481459330143541,0,10032
"503","bt","bglm",0.01,5,400,0.5,0.0569178628389155,0,10032
"504","bt","bglm",0.01,5,400,0.9,0.0577153110047847,0,10032
"505","bt","bglm",0.01,10,100,0,0.0260167464114833,0,10032
"506","bt","bglm",0.01,10,100,0.5,0.0397727272727273,0,10032
"507","bt","bglm",0.01,10,100,0.9,0.0285087719298246,0,10032
"508","bt","bglm",0.01,10,200,0,0.03957336523126,0,10032
"509","bt","bglm",0.01,10,200,0.5,0.0542264752791069,0,10032
"510","bt","bglm",0.01,10,200,0.9,0.0451555023923445,0,10032
"511","bt","bglm",0.01,10,400,0,0.0453548644338118,0,10032
"512","bt","bglm",0.01,10,400,0.5,0.0593102073365231,0,10032
"513","bt","bglm",0.01,10,400,0.9,0.0663875598086124,0,10032
"514","bt","bglm",0.0625,3,100,0,0.0504385964912281,0,10032
"515","bt","bglm",0.0625,3,100,0.5,0.0563197767145136,0,10032
"516","bt","bglm",0.0625,3,100,0.9,0.060207336523126,0,10032
"517","bt","bglm",0.0625,3,200,0,0.0540271132376396,0,10032
"518","bt","bglm",0.0625,3,200,0.5,0.0559210526315789,0,10032
"519","bt","bglm",0.0625,3,200,0.9,0.0561204146730463,0,10032
"520","bt","bglm",0.0625,3,400,0,0.053329346092504,0,10032
"521","bt","bglm",0.0625,3,400,0.5,0.0537280701754386,0,10032
"522","bt","bglm",0.0625,3,400,0.9,0.0516347687400319,0,10032
"523","bt","bglm",0.0625,5,100,0,0.0535287081339713,0,10032
"524","bt","bglm",0.0625,5,100,0.5,0.0572169059011164,0,10032
"525","bt","bglm",0.0625,5,100,0.9,0.060506379585327,0,10032
"526","bt","bglm",0.0625,5,200,0,0.0489433811802233,0,10032
"527","bt","bglm",0.0625,5,200,0.5,0.0551236044657097,0,10032
"528","bt","bglm",0.0625,5,200,0.9,0.0583133971291866,0,10032
"529","bt","bglm",0.0625,5,400,0,0.0514354066985646,0,10032
"530","bt","bglm",0.0625,5,400,0.5,0.050737639553429,0,10032
"531","bt","bglm",0.0625,5,400,0.9,0.0516347687400319,0,10032
"532","bt","bglm",0.0625,10,100,0,0.0548245614035088,0,10032
"533","bt","bglm",0.0625,10,100,0.5,0.060506379585327,0,10032
"534","bt","bglm",0.0625,10,100,0.9,0.0648923444976077,0,10032
"535","bt","bglm",0.0625,10,200,0,0.0496411483253589,0,10032
"536","bt","bglm",0.0625,10,200,0.5,0.055622009569378,0,10032
"537","bt","bglm",0.0625,10,200,0.9,0.0564194577352472,0,10032
"538","bt","bglm",0.0625,10,400,0,0.0502392344497608,0,10032
"539","bt","bglm",0.0625,10,400,0.5,0.0515350877192982,0,10032
"540","bt","bglm",0.0625,10,400,0.9,0.0558213716108453,0,10032
"541","bt","bglm",0.125,3,100,0,0.0559210526315789,0,10032
"542","bt","bglm",0.125,3,100,0.5,0.0503389154704944,0,10032
"543","bt","bglm",0.125,3,100,0.9,0.0537280701754386,0,10032
"544","bt","bglm",0.125,3,200,0,0.0488437001594896,0,10032
"545","bt","bglm",0.125,3,200,0.5,0.0479465709728868,0,10032
"546","bt","bglm",0.125,3,200,0.9,0.0529306220095694,0,10032
"547","bt","bglm",0.125,3,400,0,0.0476475279106858,0,10032
"548","bt","bglm",0.125,3,400,0.5,0.0474481658692185,0,10032
"549","bt","bglm",0.125,3,400,0.9,0.0489433811802233,0,10032
"550","bt","bglm",0.125,5,100,0,0.0565191387559809,0,10032
"551","bt","bglm",0.125,5,100,0.5,0.0527312599681021,0,10032
"552","bt","bglm",0.125,5,100,0.9,0.055622009569378,0,10032
"553","bt","bglm",0.125,5,200,0,0.0511363636363636,0,10032
"554","bt","bglm",0.125,5,200,0.5,0.048744019138756,0,10032
"555","bt","bglm",0.125,5,200,0.9,0.0490430622009569,0,10032
"556","bt","bglm",0.125,5,400,0,0.0535287081339713,0,10032
"557","bt","bglm",0.125,5,400,0.5,0.0515350877192982,0,10032
"558","bt","bglm",0.125,5,400,0.9,0.0519338118022329,0,10032
"559","bt","bglm",0.125,10,100,0,0.0506379585326954,0,10032
"560","bt","bglm",0.125,10,100,0.5,0.0546251993620415,0,10032
"561","bt","bglm",0.125,10,100,0.9,0.0578149920255183,0,10032
"562","bt","bglm",0.125,10,200,0,0.0518341307814992,0,10032
"563","bt","bglm",0.125,10,200,0.5,0.0523325358851675,0,10032
"564","bt","bglm",0.125,10,200,0.9,0.050737639553429,0,10032
"565","bt","bglm",0.125,10,400,0,0.0497408293460925,0,10032
"566","bt","bglm",0.125,10,400,0.5,0.0512360446570973,0,10032
"567","bt","bglm",0.125,10,400,0.9,0.0512360446570973,0,10032
"568","bt","bglm",0.25,3,100,0,0.0521331738437002,0,10032
"569","bt","bglm",0.25,3,100,0.5,0.0491427432216906,0,10032
"570","bt","bglm",0.25,3,100,0.9,0.048744019138756,0,10032
"571","bt","bglm",0.25,3,200,0,0.0494417862838915,0,10032
"572","bt","bglm",0.25,3,200,0.5,0.0474481658692185,0,10032
"573","bt","bglm",0.25,3,200,0.9,0.0518341307814992,0,10032
"574","bt","bglm",0.25,3,400,0,0.0449561403508772,0,10032
"575","bt","bglm",0.25,3,400,0.5,0.0526315789473684,0,10032
"576","bt","bglm",0.25,3,400,0.9,0.0483452950558214,0,10032
"577","bt","bglm",0.25,5,100,0,0.0529306220095694,0,10032
"578","bt","bglm",0.25,5,100,0.5,0.0453548644338118,0,10032
"579","bt","bglm",0.25,5,100,0.9,0.0525318979266348,0,10032
"580","bt","bglm",0.25,5,200,0,0.0468500797448166,0,10032
"581","bt","bglm",0.25,5,200,0.5,0.0496411483253589,0,10032
"582","bt","bglm",0.25,5,200,0.9,0.0477472089314195,0,10032
"583","bt","bglm",0.25,5,400,0,0.0501395534290271,0,10032
"584","bt","bglm",0.25,5,400,0.5,0.0526315789473684,0,10032
"585","bt","bglm",0.25,5,400,0.9,0.0498405103668262,0,10032
"586","bt","bglm",0.25,10,100,0,0.0527312599681021,0,10032
"587","bt","bglm",0.25,10,100,0.5,0.0521331738437002,0,10032
"588","bt","bglm",0.25,10,100,0.9,0.0511363636363636,0,10032
"589","bt","bglm",0.25,10,200,0,0.0512360446570973,0,10032
"590","bt","bglm",0.25,10,200,0.5,0.0508373205741627,0,10032
"591","bt","bglm",0.25,10,200,0.9,0.0485446570972887,0,10032
"592","bt","bglm",0.25,10,400,0,0.0540271132376396,0,10032
"593","bt","bglm",0.25,10,400,0.5,0.0496411483253589,0,10032
"594","bt","bglm",0.25,10,400,0.9,0.0515350877192982,0,10032
"595","bt","bglm",0.375,3,100,0,0.0496411483253589,0,10032
"596","bt","bglm",0.375,3,100,0.5,0.0506379585326954,0,10032
"597","bt","bglm",0.375,3,100,0.9,0.0524322169059011,0,10032
"598","bt","bglm",0.375,3,200,0,0.0475478468899522,0,10032
"599","bt","bglm",0.375,3,200,0.5,0.05103668261563,0,10032
"600","bt","bglm",0.375,3,200,0.9,0.0508373205741627,0,10032
"601","bt","bglm",0.375,3,400,0,0.0498405103668262,0,10032
"602","bt","bglm",0.375,3,400,0.5,0.0509370015948963,0,10032
"603","bt","bglm",0.375,3,400,0.9,0.0488437001594896,0,10032
"604","bt","bglm",0.375,5,100,0,0.0511363636363636,0,10032
"605","bt","bglm",0.375,5,100,0.5,0.0544258373205742,0,10032
"606","bt","bglm",0.375,5,100,0.9,0.0538277511961723,0,10032
"607","bt","bglm",0.375,5,200,0,0.0515350877192982,0,10032
"608","bt","bglm",0.375,5,200,0.5,0.0506379585326954,0,10032
"609","bt","bglm",0.375,5,200,0.9,0.0490430622009569,0,10032
"610","bt","bglm",0.375,5,400,0,0.0525318979266348,0,10032
"611","bt","bglm",0.375,5,400,0.5,0.0512360446570973,0,10032
"612","bt","bglm",0.375,5,400,0.9,0.0539274322169059,0,10032
"613","bt","bglm",0.375,10,100,0,0.0505382775119617,0,10032
"614","bt","bglm",0.375,10,100,0.5,0.0504385964912281,0,10032
"615","bt","bglm",0.375,10,100,0.9,0.0492424242424242,0,10032
"616","bt","bglm",0.375,10,200,0,0.0514354066985646,0,10032
"617","bt","bglm",0.375,10,200,0.5,0.0506379585326954,0,10032
"618","bt","bglm",0.375,10,200,0.9,0.0490430622009569,0,10032
"619","bt","bglm",0.375,10,400,0,0.0503389154704944,0,10032
"620","bt","bglm",0.375,10,400,0.5,0.0500398724082935,0,10032
"621","bt","bglm",0.375,10,400,0.9,0.0488437001594896,0,10032
"622","bt","bglm",0.5,3,100,0,0.0472488038277512,0,10032
"623","bt","bglm",0.5,3,100,0.5,0.0522328548644338,0,10032
"624","bt","bglm",0.5,3,100,0.9,0.0495414673046252,0,10032
"625","bt","bglm",0.5,3,200,0,0.0516347687400319,0,10032
"626","bt","bglm",0.5,3,200,0.5,0.0514354066985646,0,10032
"627","bt","bglm",0.5,3,200,0.9,0.0483452950558214,0,10032
"628","bt","bglm",0.5,3,400,0,0.0522328548644338,0,10032
"629","bt","bglm",0.5,3,400,0.5,0.0477472089314195,0,10032
"630","bt","bglm",0.5,3,400,0.9,0.0514354066985646,0,10032
"631","bt","bglm",0.5,5,100,0,0.0491427432216906,0,10032
"632","bt","bglm",0.5,5,100,0.5,0.0528309409888357,0,10032
"633","bt","bglm",0.5,5,100,0.9,0.050737639553429,0,10032
"634","bt","bglm",0.5,5,200,0,0.0498405103668262,0,10032
"635","bt","bglm",0.5,5,200,0.5,0.0503389154704944,0,10032
"636","bt","bglm",0.5,5,200,0.9,0.0495414673046252,0,10032
"637","bt","bglm",0.5,5,400,0,0.0532296650717703,0,10032
"638","bt","bglm",0.5,5,400,0.5,0.0500398724082935,0,10032
"639","bt","bglm",0.5,5,400,0.9,0.0529306220095694,0,10032
"640","bt","bglm",0.5,10,100,0,0.0497408293460925,0,10032
"641","bt","bglm",0.5,10,100,0.5,0.0522328548644338,0,10032
"642","bt","bglm",0.5,10,100,0.9,0.0524322169059011,0,10032
"643","bt","bglm",0.5,10,200,0,0.0526315789473684,0,10032
"644","bt","bglm",0.5,10,200,0.5,0.0475478468899522,0,10032
"645","bt","bglm",0.5,10,200,0.9,0.0503389154704944,0,10032
"646","bt","bglm",0.5,10,400,0,0.0529306220095694,0,10032
"647","bt","bglm",0.5,10,400,0.5,0.0519338118022329,0,10032
"648","bt","bglm",0.5,10,400,0.9,0.0473484848484848,0,10032
"649","bonf","bglm",0.01,3,100,0,0,0,10000
"650","bonf","bglm",0.01,3,100,0.5,0,0,10000
"651","bonf","bglm",0.01,3,100,0.9,0,0,10000
"652","bonf","bglm",0.01,3,200,0,2e-04,0,10000
"653","bonf","bglm",0.01,3,200,0.5,1e-04,0,10000
"654","bonf","bglm",0.01,3,200,0.9,0,0,10000
"655","bonf","bglm",0.01,3,400,0,0.0018,0,10000
"656","bonf","bglm",0.01,3,400,0.5,0.001,0,10000
"657","bonf","bglm",0.01,3,400,0.9,0.0012,0,10000
"658","bonf","bglm",0.01,5,100,0,0,0,10000
"659","bonf","bglm",0.01,5,100,0.5,0,0,10000
"660","bonf","bglm",0.01,5,100,0.9,0,0,10000
"661","bonf","bglm",0.01,5,200,0,0,0,10000
"662","bonf","bglm",0.01,5,200,0.5,0,0,10000
"663","bonf","bglm",0.01,5,200,0.9,0,0,10000
"664","bonf","bglm",0.01,5,400,0,6e-04,0,10000
"665","bonf","bglm",0.01,5,400,0.5,6e-04,0,10000
"666","bonf","bglm",0.01,5,400,0.9,3e-04,0,10000
"667","bonf","bglm",0.01,10,100,0,0,0,10000
"668","bonf","bglm",0.01,10,100,0.5,0,0,10000
"669","bonf","bglm",0.01,10,100,0.9,0,0,10000
"670","bonf","bglm",0.01,10,200,0,0,0,10000
"671","bonf","bglm",0.01,10,200,0.5,0,0,10000
"672","bonf","bglm",0.01,10,200,0.9,0,0,10000
"673","bonf","bglm",0.01,10,400,0,4e-04,0,10000
"674","bonf","bglm",0.01,10,400,0.5,1e-04,0,10000
"675","bonf","bglm",0.01,10,400,0.9,0,0,10000
"676","bonf","bglm",0.0625,3,100,0,0.0085,0,10000
"677","bonf","bglm",0.0625,3,100,0.5,0.0087,0,10000
"678","bonf","bglm",0.0625,3,100,0.9,0.0057,0,10000
"679","bonf","bglm",0.0625,3,200,0,0.0223,0,10000
"680","bonf","bglm",0.0625,3,200,0.5,0.0206,0,10000
"681","bonf","bglm",0.0625,3,200,0.9,0.0145,0,10000
"682","bonf","bglm",0.0625,3,400,0,0.0308,0,10000
"683","bonf","bglm",0.0625,3,400,0.5,0.0323,0,10000
"684","bonf","bglm",0.0625,3,400,0.9,0.0214,0,10000
"685","bonf","bglm",0.0625,5,100,0,0.0068,0,10000
"686","bonf","bglm",0.0625,5,100,0.5,0.0061,0,10000
"687","bonf","bglm",0.0625,5,100,0.9,0.0022,0,10000
"688","bonf","bglm",0.0625,5,200,0,0.0147,0,10000
"689","bonf","bglm",0.0625,5,200,0.5,0.0147,0,10000
"690","bonf","bglm",0.0625,5,200,0.9,0.0085,0,10000
"691","bonf","bglm",0.0625,5,400,0,0.03,0,10000
"692","bonf","bglm",0.0625,5,400,0.5,0.0242,0,10000
"693","bonf","bglm",0.0625,5,400,0.9,0.0148,0,10000
"694","bonf","bglm",0.0625,10,100,0,0.002,0,10000
"695","bonf","bglm",0.0625,10,100,0.5,0.0019,0,10000
"696","bonf","bglm",0.0625,10,100,0.9,0.001,0,10000
"697","bonf","bglm",0.0625,10,200,0,0.0131,0,10000
"698","bonf","bglm",0.0625,10,200,0.5,0.0115,0,10000
"699","bonf","bglm",0.0625,10,200,0.9,0.0046,0,10000
"700","bonf","bglm",0.0625,10,400,0,0.0263,0,10000
"701","bonf","bglm",0.0625,10,400,0.5,0.0205,0,10000
"702","bonf","bglm",0.0625,10,400,0.9,0.0085,0,10000
"703","bonf","bglm",0.125,3,100,0,0.0227,0,10000
"704","bonf","bglm",0.125,3,100,0.5,0.0225,0,10000
"705","bonf","bglm",0.125,3,100,0.9,0.0139,0,10000
"706","bonf","bglm",0.125,3,200,0,0.0328,0,10000
"707","bonf","bglm",0.125,3,200,0.5,0.0316,0,10000
"708","bonf","bglm",0.125,3,200,0.9,0.0188,0,10000
"709","bonf","bglm",0.125,3,400,0,0.0386,0,10000
"710","bonf","bglm",0.125,3,400,0.5,0.0356,0,10000
"711","bonf","bglm",0.125,3,400,0.9,0.0236,0,10000
"712","bonf","bglm",0.125,5,100,0,0.0166,0,10000
"713","bonf","bglm",0.125,5,100,0.5,0.0158,0,10000
"714","bonf","bglm",0.125,5,100,0.9,0.0084,0,10000
"715","bonf","bglm",0.125,5,200,0,0.0307,0,10000
"716","bonf","bglm",0.125,5,200,0.5,0.0249,0,10000
"717","bonf","bglm",0.125,5,200,0.9,0.0149,0,10000
"718","bonf","bglm",0.125,5,400,0,0.0399,0,10000
"719","bonf","bglm",0.125,5,400,0.5,0.0326,0,10000
"720","bonf","bglm",0.125,5,400,0.9,0.0159,0,10000
"721","bonf","bglm",0.125,10,100,0,0.0156,0,10000
"722","bonf","bglm",0.125,10,100,0.5,0.0095,0,10000
"723","bonf","bglm",0.125,10,100,0.9,0.0056,0,10000
"724","bonf","bglm",0.125,10,200,0,0.0243,0,10000
"725","bonf","bglm",0.125,10,200,0.5,0.0175,0,10000
"726","bonf","bglm",0.125,10,200,0.9,0.0094,0,10000
"727","bonf","bglm",0.125,10,400,0,0.0429,0,10000
"728","bonf","bglm",0.125,10,400,0.5,0.0291,0,10000
"729","bonf","bglm",0.125,10,400,0.9,0.0144,0,10000
"730","bonf","bglm",0.25,3,100,0,0.036,0,10000
"731","bonf","bglm",0.25,3,100,0.5,0.0293,0,10000
"732","bonf","bglm",0.25,3,100,0.9,0.022,0,10000
"733","bonf","bglm",0.25,3,200,0,0.0405,0,10000
"734","bonf","bglm",0.25,3,200,0.5,0.0339,0,10000
"735","bonf","bglm",0.25,3,200,0.9,0.0232,0,10000
"736","bonf","bglm",0.25,3,400,0,0.0399,0,10000
"737","bonf","bglm",0.25,3,400,0.5,0.0428,0,10000
"738","bonf","bglm",0.25,3,400,0.9,0.0256,0,10000
"739","bonf","bglm",0.25,5,100,0,0.031,0,10000
"740","bonf","bglm",0.25,5,100,0.5,0.0244,0,10000
"741","bonf","bglm",0.25,5,100,0.9,0.0107,0,10000
"742","bonf","bglm",0.25,5,200,0,0.0371,0,10000
"743","bonf","bglm",0.25,5,200,0.5,0.0335,0,10000
"744","bonf","bglm",0.25,5,200,0.9,0.0157,0,10000
"745","bonf","bglm",0.25,5,400,0,0.0406,0,10000
"746","bonf","bglm",0.25,5,400,0.5,0.0355,0,10000
"747","bonf","bglm",0.25,5,400,0.9,0.0189,0,10000
"748","bonf","bglm",0.25,10,100,0,0.0252,0,10000
"749","bonf","bglm",0.25,10,100,0.5,0.0213,0,10000
"750","bonf","bglm",0.25,10,100,0.9,0.0086,0,10000
"751","bonf","bglm",0.25,10,200,0,0.0329,0,10000
"752","bonf","bglm",0.25,10,200,0.5,0.027,0,10000
"753","bonf","bglm",0.25,10,200,0.9,0.0129,0,10000
"754","bonf","bglm",0.25,10,400,0,0.0444,0,10000
"755","bonf","bglm",0.25,10,400,0.5,0.032,0,10000
"756","bonf","bglm",0.25,10,400,0.9,0.0148,0,10000
"757","bonf","bglm",0.375,3,100,0,0.0335,0,10000
"758","bonf","bglm",0.375,3,100,0.5,0.0321,0,10000
"759","bonf","bglm",0.375,3,100,0.9,0.0213,0,10000
"760","bonf","bglm",0.375,3,200,0,0.0405,0,10000
"761","bonf","bglm",0.375,3,200,0.5,0.0412,0,10000
"762","bonf","bglm",0.375,3,200,0.9,0.0234,0,10000
"763","bonf","bglm",0.375,3,400,0,0.0456,0,10000
"764","bonf","bglm",0.375,3,400,0.5,0.0433,0,10000
"765","bonf","bglm",0.375,3,400,0.9,0.0272,0,10000
"766","bonf","bglm",0.375,5,100,0,0.0319,0,10000
"767","bonf","bglm",0.375,5,100,0.5,0.0288,0,10000
"768","bonf","bglm",0.375,5,100,0.9,0.0172,0,10000
"769","bonf","bglm",0.375,5,200,0,0.039,0,10000
"770","bonf","bglm",0.375,5,200,0.5,0.0376,0,10000
"771","bonf","bglm",0.375,5,200,0.9,0.021,0,10000
"772","bonf","bglm",0.375,5,400,0,0.0426,0,10000
"773","bonf","bglm",0.375,5,400,0.5,0.0409,0,10000
"774","bonf","bglm",0.375,5,400,0.9,0.0208,0,10000
"775","bonf","bglm",0.375,10,100,0,0.028,0,10000
"776","bonf","bglm",0.375,10,100,0.5,0.0236,0,10000
"777","bonf","bglm",0.375,10,100,0.9,0.0102,0,10000
"778","bonf","bglm",0.375,10,200,0,0.0402,0,10000
"779","bonf","bglm",0.375,10,200,0.5,0.0325,0,10000
"780","bonf","bglm",0.375,10,200,0.9,0.0138,0,10000
"781","bonf","bglm",0.375,10,400,0,0.043,0,10000
"782","bonf","bglm",0.375,10,400,0.5,0.0348,0,10000
"783","bonf","bglm",0.375,10,400,0.9,0.0136,0,10000
"784","bonf","bglm",0.5,3,100,0,0.0403,0,10000
"785","bonf","bglm",0.5,3,100,0.5,0.035,0,10000
"786","bonf","bglm",0.5,3,100,0.9,0.0262,0,10000
"787","bonf","bglm",0.5,3,200,0,0.0414,0,10000
"788","bonf","bglm",0.5,3,200,0.5,0.0404,0,10000
"789","bonf","bglm",0.5,3,200,0.9,0.0211,0,10000
"790","bonf","bglm",0.5,3,400,0,0.0425,0,10000
"791","bonf","bglm",0.5,3,400,0.5,0.0428,0,10000
"792","bonf","bglm",0.5,3,400,0.9,0.0296,0,10000
"793","bonf","bglm",0.5,5,100,0,0.0329,0,10000
"794","bonf","bglm",0.5,5,100,0.5,0.0303,0,10000
"795","bonf","bglm",0.5,5,100,0.9,0.0169,0,10000
"796","bonf","bglm",0.5,5,200,0,0.0429,0,10000
"797","bonf","bglm",0.5,5,200,0.5,0.0374,0,10000
"798","bonf","bglm",0.5,5,200,0.9,0.0224,0,10000
"799","bonf","bglm",0.5,5,400,0,0.0456,0,10000
"800","bonf","bglm",0.5,5,400,0.5,0.0372,0,10000
"801","bonf","bglm",0.5,5,400,0.9,0.0217,0,10000
"802","bonf","bglm",0.5,10,100,0,0.0305,0,10000
"803","bonf","bglm",0.5,10,100,0.5,0.026,0,10000
"804","bonf","bglm",0.5,10,100,0.9,0.0115,0,10000
"805","bonf","bglm",0.5,10,200,0,0.0447,0,10000
"806","bonf","bglm",0.5,10,200,0.5,0.0311,0,10000
"807","bonf","bglm",0.5,10,200,0.9,0.0121,0,10000
"808","bonf","bglm",0.5,10,400,0,0.0468,0,10000
"809","bonf","bglm",0.5,10,400,0.5,0.0341,0,10000
"810","bonf","bglm",0.5,10,400,0.9,0.0162,0,10000
"811","mmm","bglm",0.01,3,100,0,0,0,10000
"812","mmm","bglm",0.01,3,100,0.5,0,0,10000
"813","mmm","bglm",0.01,3,100,0.9,2e-04,0,10000
"814","mmm","bglm",0.01,3,200,0,3e-04,0,10000
"815","mmm","bglm",0.01,3,200,0.5,7e-04,0,10000
"816","mmm","bglm",0.01,3,200,0.9,0.0025,0,10000
"817","mmm","bglm",0.01,3,400,0,0.0024,0,10000
"818","mmm","bglm",0.01,3,400,0.5,0.0039,0,10000
"819","mmm","bglm",0.01,3,400,0.9,0.0073,0,10000
"820","mmm","bglm",0.01,5,100,0,0,0,10000
"821","mmm","bglm",0.01,5,100,0.5,1e-04,0,10000
"822","mmm","bglm",0.01,5,100,0.9,2e-04,0,10000
"823","mmm","bglm",0.01,5,200,0,0,0,10000
"824","mmm","bglm",0.01,5,200,0.5,3e-04,0,10000
"825","mmm","bglm",0.01,5,200,0.9,0.0023,0,10000
"826","mmm","bglm",0.01,5,400,0,0.0011,0,10000
"827","mmm","bglm",0.01,5,400,0.5,0.0023,0,10000
"828","mmm","bglm",0.01,5,400,0.9,0.0058,0,10000
"829","mmm","bglm",0.01,10,100,0,0,0,10000
"830","mmm","bglm",0.01,10,100,0.5,0,0,10000
"831","mmm","bglm",0.01,10,100,0.9,0,0,10000
"832","mmm","bglm",0.01,10,200,0,0,0,10000
"833","mmm","bglm",0.01,10,200,0.5,1e-04,0,10000
"834","mmm","bglm",0.01,10,200,0.9,6e-04,0,10000
"835","mmm","bglm",0.01,10,400,0,4e-04,0,10000
"836","mmm","bglm",0.01,10,400,0.5,3e-04,0,10000
"837","mmm","bglm",0.01,10,400,0.9,0.004,0,10000
"838","mmm","bglm",0.0625,3,100,0,0.0079,0,10000
"839","mmm","bglm",0.0625,3,100,0.5,0.0106,0,10000
"840","mmm","bglm",0.0625,3,100,0.9,0.0156,0,10000
"841","mmm","bglm",0.0625,3,200,0,0.0261,0,10000
"842","mmm","bglm",0.0625,3,200,0.5,0.0222,0,10000
"843","mmm","bglm",0.0625,3,200,0.9,0.0312,0,10000
"844","mmm","bglm",0.0625,3,400,0,0.0357,0,10000
"845","mmm","bglm",0.0625,3,400,0.5,0.0372,0,10000
"846","mmm","bglm",0.0625,3,400,0.9,0.0357,0,10000
"847","mmm","bglm",0.0625,5,100,0,0.005,0,10000
"848","mmm","bglm",0.0625,5,100,0.5,0.0071,0,10000
"849","mmm","bglm",0.0625,5,100,0.9,0.0143,0,10000
"850","mmm","bglm",0.0625,5,200,0,0.017,0,10000
"851","mmm","bglm",0.0625,5,200,0.5,0.0195,0,10000
"852","mmm","bglm",0.0625,5,200,0.9,0.0294,0,10000
"853","mmm","bglm",0.0625,5,400,0,0.0305,0,10000
"854","mmm","bglm",0.0625,5,400,0.5,0.029,0,10000
"855","mmm","bglm",0.0625,5,400,0.9,0.0364,0,10000
"856","mmm","bglm",0.0625,10,100,0,0.0025,0,10000
"857","mmm","bglm",0.0625,10,100,0.5,0.0047,0,10000
"858","mmm","bglm",0.0625,10,100,0.9,0.0113,0,10000
"859","mmm","bglm",0.0625,10,200,0,0.0142,0,10000
"860","mmm","bglm",0.0625,10,200,0.5,0.0191,0,10000
"861","mmm","bglm",0.0625,10,200,0.9,0.0245,0,10000
"862","mmm","bglm",0.0625,10,400,0,0.0261,0,10000
"863","mmm","bglm",0.0625,10,400,0.5,0.0302,0,10000
"864","mmm","bglm",0.0625,10,400,0.9,0.0343,0,10000
"865","mmm","bglm",0.125,3,100,0,0.0233,0,10000
"866","mmm","bglm",0.125,3,100,0.5,0.0244,0,10000
"867","mmm","bglm",0.125,3,100,0.9,0.0312,0,10000
"868","mmm","bglm",0.125,3,200,0,0.0311,0,10000
"869","mmm","bglm",0.125,3,200,0.5,0.0377,0,10000
"870","mmm","bglm",0.125,3,200,0.9,0.0397,0,10000
"871","mmm","bglm",0.125,3,400,0,0.0444,0,10000
"872","mmm","bglm",0.125,3,400,0.5,0.0382,0,10000
"873","mmm","bglm",0.125,3,400,0.9,0.0402,0,10000
"874","mmm","bglm",0.125,5,100,0,0.0172,0,10000
"875","mmm","bglm",0.125,5,100,0.5,0.0183,0,10000
"876","mmm","bglm",0.125,5,100,0.9,0.0288,0,10000
"877","mmm","bglm",0.125,5,200,0,0.0298,0,10000
"878","mmm","bglm",0.125,5,200,0.5,0.0337,0,10000
"879","mmm","bglm",0.125,5,200,0.9,0.0363,0,10000
"880","mmm","bglm",0.125,5,400,0,0.0379,0,10000
"881","mmm","bglm",0.125,5,400,0.5,0.0425,0,10000
"882","mmm","bglm",0.125,5,400,0.9,0.0425,0,10000
"883","mmm","bglm",0.125,10,100,0,0.0134,0,10000
"884","mmm","bglm",0.125,10,100,0.5,0.0155,0,10000
"885","mmm","bglm",0.125,10,100,0.9,0.0279,0,10000
"886","mmm","bglm",0.125,10,200,0,0.0285,0,10000
"887","mmm","bglm",0.125,10,200,0.5,0.0264,0,10000
"888","mmm","bglm",0.125,10,200,0.9,0.0327,0,10000
"889","mmm","bglm",0.125,10,400,0,0.0383,0,10000
"890","mmm","bglm",0.125,10,400,0.5,0.0374,0,10000
"891","mmm","bglm",0.125,10,400,0.9,0.0439,0,10000
"892","mmm","bglm",0.25,3,100,0,0.0352,0,10000
"893","mmm","bglm",0.25,3,100,0.5,0.0366,0,10000
"894","mmm","bglm",0.25,3,100,0.9,0.0391,0,10000
"895","mmm","bglm",0.25,3,200,0,0.0385,0,10000
"896","mmm","bglm",0.25,3,200,0.5,0.0425,0,10000
"897","mmm","bglm",0.25,3,200,0.9,0.0438,0,10000
"898","mmm","bglm",0.25,3,400,0,0.046,0,10000
"899","mmm","bglm",0.25,3,400,0.5,0.0454,0,10000
"900","mmm","bglm",0.25,3,400,0.9,0.0475,0,10000
"901","mmm","bglm",0.25,5,100,0,0.0314,0,10000
"902","mmm","bglm",0.25,5,100,0.5,0.0351,0,10000
"903","mmm","bglm",0.25,5,100,0.9,0.0341,0,10000
"904","mmm","bglm",0.25,5,200,0,0.0356,0,10000
"905","mmm","bglm",0.25,5,200,0.5,0.0395,0,10000
"906","mmm","bglm",0.25,5,200,0.9,0.043,0,10000
"907","mmm","bglm",0.25,5,400,0,0.0432,0,10000
"908","mmm","bglm",0.25,5,400,0.5,0.0441,0,10000
"909","mmm","bglm",0.25,5,400,0.9,0.0509,0,10000
"910","mmm","bglm",0.25,10,100,0,0.0274,0,10000
"911","mmm","bglm",0.25,10,100,0.5,0.0294,0,10000
"912","mmm","bglm",0.25,10,100,0.9,0.0353,0,10000
"913","mmm","bglm",0.25,10,200,0,0.0361,0,10000
"914","mmm","bglm",0.25,10,200,0.5,0.0371,0,10000
"915","mmm","bglm",0.25,10,200,0.9,0.0433,0,10000
"916","mmm","bglm",0.25,10,400,0,0.0473,0,10000
"917","mmm","bglm",0.25,10,400,0.5,0.0445,0,10000
"918","mmm","bglm",0.25,10,400,0.9,0.0446,0,10000
"919","mmm","bglm",0.375,3,100,0,0.0352,0,10000
"920","mmm","bglm",0.375,3,100,0.5,0.0386,0,10000
"921","mmm","bglm",0.375,3,100,0.9,0.044,0,10000
"922","mmm","bglm",0.375,3,200,0,0.045,0,10000
"923","mmm","bglm",0.375,3,200,0.5,0.0463,0,10000
"924","mmm","bglm",0.375,3,200,0.9,0.0416,0,10000
"925","mmm","bglm",0.375,3,400,0,0.0447,0,10000
"926","mmm","bglm",0.375,3,400,0.5,0.0441,0,10000
"927","mmm","bglm",0.375,3,400,0.9,0.0462,0,10000
"928","mmm","bglm",0.375,5,100,0,0.035,0,10000
"929","mmm","bglm",0.375,5,100,0.5,0.0348,0,10000
"930","mmm","bglm",0.375,5,100,0.9,0.0393,0,10000
"931","mmm","bglm",0.375,5,200,0,0.0394,0,10000
"932","mmm","bglm",0.375,5,200,0.5,0.0389,0,10000
"933","mmm","bglm",0.375,5,200,0.9,0.0485,0,10000
"934","mmm","bglm",0.375,5,400,0,0.0466,0,10000
"935","mmm","bglm",0.375,5,400,0.5,0.0477,0,10000
"936","mmm","bglm",0.375,5,400,0.9,0.0492,0,10000
"937","mmm","bglm",0.375,10,100,0,0.0327,0,10000
"938","mmm","bglm",0.375,10,100,0.5,0.0349,0,10000
"939","mmm","bglm",0.375,10,100,0.9,0.0395,0,10000
"940","mmm","bglm",0.375,10,200,0,0.0408,0,10000
"941","mmm","bglm",0.375,10,200,0.5,0.0402,0,10000
"942","mmm","bglm",0.375,10,200,0.9,0.0428,0,10000
"943","mmm","bglm",0.375,10,400,0,0.0427,0,10000
"944","mmm","bglm",0.375,10,400,0.5,0.0452,0,10000
"945","mmm","bglm",0.375,10,400,0.9,0.0479,0,10000
"946","mmm","bglm",0.5,3,100,0,0.0359,0,10000
"947","mmm","bglm",0.5,3,100,0.5,0.038,0,10000
"948","mmm","bglm",0.5,3,100,0.9,0.044,0,10000
"949","mmm","bglm",0.5,3,200,0,0.0417,0,10000
"950","mmm","bglm",0.5,3,200,0.5,0.0455,0,10000
"951","mmm","bglm",0.5,3,200,0.9,0.0446,0,10000
"952","mmm","bglm",0.5,3,400,0,0.0489,0,10000
"953","mmm","bglm",0.5,3,400,0.5,0.0428,0,10000
"954","mmm","bglm",0.5,3,400,0.9,0.048,0,10000
"955","mmm","bglm",0.5,5,100,0,0.0329,0,10000
"956","mmm","bglm",0.5,5,100,0.5,0.0394,0,10000
"957","mmm","bglm",0.5,5,100,0.9,0.0396,0,10000
"958","mmm","bglm",0.5,5,200,0,0.0412,0,10000
"959","mmm","bglm",0.5,5,200,0.5,0.0436,0,10000
"960","mmm","bglm",0.5,5,200,0.9,0.0442,0,10000
"961","mmm","bglm",0.5,5,400,0,0.0471,0,10000
"962","mmm","bglm",0.5,5,400,0.5,0.0447,0,10000
"963","mmm","bglm",0.5,5,400,0.9,0.0418,0,10000
"964","mmm","bglm",0.5,10,100,0,0.033,0,10000
"965","mmm","bglm",0.5,10,100,0.5,0.0311,0,10000
"966","mmm","bglm",0.5,10,100,0.9,0.0407,0,10000
"967","mmm","bglm",0.5,10,200,0,0.0413,0,10000
"968","mmm","bglm",0.5,10,200,0.5,0.0437,0,10000
"969","mmm","bglm",0.5,10,200,0.9,0.0456,0,10000
"970","mmm","bglm",0.5,10,400,0,0.0442,0,10000
"971","mmm","bglm",0.5,10,400,0.5,0.0494,0,10000
"972","mmm","bglm",0.5,10,400,0.9,0.048,0,10000
