"","method","model","nsim","ntrt","pi0","nep_h0","nep_ha","slope","corr","nfail","nerror","nrej","nreji","nrejcor","npow","npowi","npowcor"
"1","mmm","glm",5000,25,0.1,8,2,0.001,0,0,0,46,46,4954,10,10,0
"2","mmm","glm",5000,50,0.1,8,2,0.001,0,0,0,104,103,4897,24,24,0
"3","mmm","glm",5000,100,0.1,8,2,0.001,0,0,0,137,134,4866,33,33,0
"4","mmm","glm",5000,25,0.1,2,8,0.001,0,0,0,10,10,4990,54,54,0
"5","mmm","glm",5000,50,0.1,2,8,0.001,0,0,0,23,23,4977,103,101,0
"6","mmm","glm",5000,100,0.1,2,8,0.001,0,0,0,37,37,4963,133,132,0
"7","mmm","glm",5000,25,0.1,8,2,0.025,0,0,0,48,47,4953,34,34,0
"8","mmm","glm",5000,50,0.1,8,2,0.025,0,0,0,97,97,4903,60,60,0
"9","mmm","glm",5000,100,0.1,8,2,0.025,0,0,0,145,142,4858,139,138,1
"10","mmm","glm",5000,25,0.1,2,8,0.025,0,0,0,8,8,4992,114,114,0
"11","mmm","glm",5000,50,0.1,2,8,0.025,0,0,0,28,28,4972,253,248,0
"12","mmm","glm",5000,100,0.1,2,8,0.025,0,0,0,31,31,4969,553,520,0
"13","mmm","glm",5000,25,0.1,8,2,0.05,0,0,0,45,45,4955,75,75,0
"14","mmm","glm",5000,50,0.1,8,2,0.05,0,0,0,97,96,4904,224,219,5
"15","mmm","glm",5000,100,0.1,8,2,0.05,0,0,0,149,145,4855,589,572,17
"16","mmm","glm",5000,25,0.1,2,8,0.05,0,0,0,6,6,4994,276,271,0
"17","mmm","glm",5000,50,0.1,2,8,0.05,0,0,0,21,21,4979,878,822,0
"18","mmm","glm",5000,100,0.1,2,8,0.05,0,0,0,41,41,4959,2189,1821,0
"19","mmm","glm",5000,25,0.1,8,2,0.075,0,0,0,38,38,4962,240,238,2
"20","mmm","glm",5000,50,0.1,8,2,0.075,0,0,0,81,79,4921,648,626,22
"21","mmm","glm",5000,100,0.1,8,2,0.075,0,0,0,142,141,4859,1831,1652,179
"22","mmm","glm",5000,25,0.1,2,8,0.075,0,0,0,10,10,4990,799,742,0
"23","mmm","glm",5000,50,0.1,2,8,0.075,0,0,0,28,28,4972,2587,2061,0
"24","mmm","glm",5000,100,0.1,2,8,0.075,0,0,0,31,31,4969,7603,4046,0
"25","mmm","glm",5000,25,0.1,8,2,0.1,0,0,0,43,43,4957,541,523,18
"26","mmm","glm",5000,50,0.1,8,2,0.1,0,0,0,101,100,4900,1606,1462,144
"27","mmm","glm",5000,100,0.1,8,2,0.1,0,0,0,137,135,4865,4557,3531,1026
"28","mmm","glm",5000,25,0.1,2,8,0.1,0,0,0,13,13,4987,2111,1769,0
"29","mmm","glm",5000,50,0.1,2,8,0.1,0,0,0,25,25,4975,6666,3815,0
"30","mmm","glm",5000,100,0.1,2,8,0.1,0,0,0,30,30,4970,18185,4959,4
"31","mmm","glm",5000,25,0.1,8,2,0.125,0,0,0,36,35,4965,1118,1072,46
"32","mmm","glm",5000,50,0.1,8,2,0.125,0,0,0,91,90,4910,3486,2892,594
"33","mmm","glm",5000,100,0.1,8,2,0.125,0,0,0,152,151,4849,7606,4718,2888
"34","mmm","glm",5000,25,0.1,2,8,0.125,0,0,0,13,13,4987,4800,3210,0
"35","mmm","glm",5000,50,0.1,2,8,0.125,0,0,0,28,28,4972,13834,4844,1
"36","mmm","glm",5000,100,0.1,2,8,0.125,0,0,0,33,33,4967,30341,5000,541
"37","mmm","glm",5000,25,0.1,8,2,0.15,0,0,0,40,40,4960,2316,2047,269
"38","mmm","glm",5000,50,0.1,8,2,0.15,0,0,0,88,86,4914,5817,4134,1683
"39","mmm","glm",5000,100,0.1,8,2,0.15,0,0,0,158,154,4846,9447,4988,4459
"40","mmm","glm",5000,25,0.1,2,8,0.15,0,0,0,10,10,4990,9237,4367,0
"41","mmm","glm",5000,50,0.1,2,8,0.15,0,0,0,28,28,4972,23643,4995,79
"42","mmm","glm",5000,100,0.1,2,8,0.15,0,0,0,44,44,4956,37667,5000,3066
"43","mmm","glm",5000,25,0.1,8,2,0.175,0,0,0,31,31,4969,3919,3134,785
"44","mmm","glm",5000,50,0.1,8,2,0.175,0,0,0,75,74,4926,8127,4808,3319
"45","mmm","glm",5000,100,0.1,8,2,0.175,0,0,0,143,142,4858,9922,5000,4922
"46","mmm","glm",5000,25,0.1,2,8,0.175,0,0,0,14,14,4986,15452,4893,2
"47","mmm","glm",5000,50,0.1,2,8,0.175,0,0,0,20,20,4980,32294,5000,884
"48","mmm","glm",5000,100,0.1,2,8,0.175,0,0,0,23,23,4977,39750,5000,4756
"49","mmm","glm",5000,25,0.1,8,2,0.2,0,0,0,40,40,4960,5815,4157,1658
"50","mmm","glm",5000,50,0.1,8,2,0.2,0,0,0,108,108,4892,9399,4986,4413
"51","mmm","glm",5000,100,0.1,8,2,0.2,0,0,0,137,135,4865,9995,5000,4995
"52","mmm","glm",5000,25,0.1,2,8,0.2,0,0,0,9,9,4991,23234,4994,61
"53","mmm","glm",5000,50,0.1,2,8,0.2,0,0,0,21,21,4979,37603,5000,3042
"54","mmm","glm",5000,100,0.1,2,8,0.2,0,0,0,29,29,4971,39982,5000,4982
"55","mmm","glm",5000,25,0.1,8,2,0.001,0.5,0,0,54,49,4951,20,19,1
"56","mmm","glm",5000,50,0.1,8,2,0.001,0.5,0,0,129,108,4892,27,27,0
"57","mmm","glm",5000,100,0.1,8,2,0.001,0.5,0,0,166,136,4864,42,42,0
"58","mmm","glm",5000,25,0.1,2,8,0.001,0.5,0,0,13,12,4988,52,45,0
"59","mmm","glm",5000,50,0.1,2,8,0.001,0.5,0,0,37,35,4965,113,85,0
"60","mmm","glm",5000,100,0.1,2,8,0.001,0.5,0,0,38,36,4964,163,138,0
"61","mmm","glm",5000,25,0.1,8,2,0.025,0.5,0,0,51,42,4958,25,22,3
"62","mmm","glm",5000,50,0.1,8,2,0.025,0.5,0,0,128,105,4895,96,89,7
"63","mmm","glm",5000,100,0.1,8,2,0.025,0.5,0,0,169,131,4869,143,130,13
"64","mmm","glm",5000,25,0.1,2,8,0.025,0.5,0,0,23,22,4978,137,106,0
"65","mmm","glm",5000,50,0.1,2,8,0.025,0.5,0,0,34,32,4968,314,225,0
"66","mmm","glm",5000,100,0.1,2,8,0.025,0.5,0,0,38,35,4965,532,351,0
"67","mmm","glm",5000,25,0.1,8,2,0.05,0.5,0,0,44,38,4962,104,95,9
"68","mmm","glm",5000,50,0.1,8,2,0.05,0.5,0,0,115,90,4910,275,250,25
"69","mmm","glm",5000,100,0.1,8,2,0.05,0.5,0,0,137,117,4883,644,546,98
"70","mmm","glm",5000,25,0.1,2,8,0.05,0.5,0,0,8,8,4992,407,279,0
"71","mmm","glm",5000,50,0.1,2,8,0.05,0.5,0,0,26,25,4975,1003,617,0
"72","mmm","glm",5000,100,0.1,2,8,0.05,0.5,0,0,36,33,4967,2368,1251,5
"73","mmm","glm",5000,25,0.1,8,2,0.075,0.5,0,0,55,46,4954,251,229,22
"74","mmm","glm",5000,50,0.1,8,2,0.075,0.5,0,0,109,89,4911,791,676,115
"75","mmm","glm",5000,100,0.1,8,2,0.075,0.5,0,0,160,139,4861,2117,1663,454
"76","mmm","glm",5000,25,0.1,2,8,0.075,0.5,0,0,25,24,4976,943,593,0
"77","mmm","glm",5000,50,0.1,2,8,0.075,0.5,0,0,26,25,4975,3168,1504,4
"78","mmm","glm",5000,100,0.1,2,8,0.075,0.5,0,0,46,45,4955,8157,2871,60
"79","mmm","glm",5000,25,0.1,8,2,0.1,0.5,0,0,52,46,4954,603,536,67
"80","mmm","glm",5000,50,0.1,8,2,0.1,0.5,0,0,126,101,4899,2011,1555,456
"81","mmm","glm",5000,100,0.1,8,2,0.1,0.5,0,0,142,113,4887,4737,3220,1517
"82","mmm","glm",5000,25,0.1,2,8,0.1,0.5,0,0,11,11,4989,2413,1245,2
"83","mmm","glm",5000,50,0.1,2,8,0.1,0.5,0,0,21,21,4979,7715,2815,48
"84","mmm","glm",5000,100,0.1,2,8,0.1,0.5,0,0,36,35,4965,19001,4316,473
"85","mmm","glm",5000,25,0.1,8,2,0.125,0.5,0,0,51,42,4958,1310,1088,222
"86","mmm","glm",5000,50,0.1,8,2,0.125,0.5,0,0,114,93,4907,3828,2755,1073
"87","mmm","glm",5000,100,0.1,8,2,0.125,0.5,0,0,181,151,4849,7786,4491,3295
"88","mmm","glm",5000,25,0.1,2,8,0.125,0.5,0,0,20,20,4980,5114,2155,15
"89","mmm","glm",5000,50,0.1,2,8,0.125,0.5,0,0,44,43,4957,15334,3975,288
"90","mmm","glm",5000,100,0.1,2,8,0.125,0.5,0,0,36,36,4964,31082,4922,1907
"91","mmm","glm",5000,25,0.1,8,2,0.15,0.5,0,0,60,48,4952,2465,1889,576
"92","mmm","glm",5000,50,0.1,8,2,0.15,0.5,0,0,120,101,4899,6334,3945,2389
"93","mmm","glm",5000,100,0.1,8,2,0.15,0.5,0,0,162,135,4865,9471,4929,4542
"94","mmm","glm",5000,25,0.1,2,8,0.15,0.5,0,0,9,9,4991,9613,3150,79
"95","mmm","glm",5000,50,0.1,2,8,0.15,0.5,0,0,31,29,4971,25208,4756,1020
"96","mmm","glm",5000,100,0.1,2,8,0.15,0.5,0,0,37,35,4965,37943,4997,3901
"97","mmm","glm",5000,25,0.1,8,2,0.175,0.5,0,0,43,37,4963,4121,2848,1273
"98","mmm","glm",5000,50,0.1,8,2,0.175,0.5,0,0,124,103,4897,8353,4654,3699
"99","mmm","glm",5000,100,0.1,8,2,0.175,0.5,0,0,175,147,4853,9952,4997,4955
"100","mmm","glm",5000,25,0.1,2,8,0.175,0.5,0,0,8,7,4993,15883,4028,312
"101","mmm","glm",5000,50,0.1,2,8,0.175,0.5,0,0,31,29,4971,33289,4945,2380
"102","mmm","glm",5000,100,0.1,2,8,0.175,0.5,0,0,49,46,4954,39765,5000,4817
"103","mmm","glm",5000,25,0.1,8,2,0.2,0.5,0,0,64,51,4949,6034,3819,2215
"104","mmm","glm",5000,50,0.1,8,2,0.2,0.5,0,0,114,101,4899,9490,4937,4553
"105","mmm","glm",5000,100,0.1,8,2,0.2,0.5,0,0,162,129,4871,9996,5000,4996
"106","mmm","glm",5000,25,0.1,2,8,0.2,0.5,0,0,20,20,4980,23415,4644,800
"107","mmm","glm",5000,50,0.1,2,8,0.2,0.5,0,0,31,30,4970,37902,4998,3857
"108","mmm","glm",5000,100,0.1,2,8,0.2,0.5,0,0,50,48,4952,39981,5000,4985
"109","mmm","glm",5000,25,0.1,8,2,0.001,0.9,0,0,159,62,4938,51,36,15
"110","mmm","glm",5000,50,0.1,8,2,0.001,0.9,0,0,256,91,4909,80,62,18
"111","mmm","glm",5000,100,0.1,8,2,0.001,0.9,0,0,337,138,4862,96,72,24
"112","mmm","glm",5000,25,0.1,2,8,0.001,0.9,0,0,49,33,4967,167,55,2
"113","mmm","glm",5000,50,0.1,2,8,0.001,0.9,0,0,50,39,4961,295,103,7
"114","mmm","glm",5000,100,0.1,2,8,0.001,0.9,0,0,95,69,4931,331,120,8
"115","mmm","glm",5000,25,0.1,8,2,0.025,0.9,0,0,210,66,4934,94,67,27
"116","mmm","glm",5000,50,0.1,8,2,0.025,0.9,0,0,322,105,4895,155,113,42
"117","mmm","glm",5000,100,0.1,8,2,0.025,0.9,0,0,402,127,4873,290,196,94
"118","mmm","glm",5000,25,0.1,2,8,0.025,0.9,0,0,44,35,4965,408,122,10
"119","mmm","glm",5000,50,0.1,2,8,0.025,0.9,0,0,73,55,4945,701,223,16
"120","mmm","glm",5000,100,0.1,2,8,0.025,0.9,0,0,83,68,4932,914,296,21
"121","mmm","glm",5000,25,0.1,8,2,0.05,0.9,0,0,169,55,4945,218,150,68
"122","mmm","glm",5000,50,0.1,8,2,0.05,0.9,0,0,305,102,4898,406,282,124
"123","mmm","glm",5000,100,0.1,8,2,0.05,0.9,0,0,380,132,4868,943,621,322
"124","mmm","glm",5000,25,0.1,2,8,0.05,0.9,0,0,36,26,4974,871,242,32
"125","mmm","glm",5000,50,0.1,2,8,0.05,0.9,0,0,80,61,4939,1764,463,69
"126","mmm","glm",5000,100,0.1,2,8,0.05,0.9,0,0,83,55,4945,3863,908,178
"127","mmm","glm",5000,25,0.1,8,2,0.075,0.9,0,0,192,63,4937,484,326,158
"128","mmm","glm",5000,50,0.1,8,2,0.075,0.9,0,0,279,93,4907,1130,734,396
"129","mmm","glm",5000,100,0.1,8,2,0.075,0.9,0,0,418,129,4871,2780,1660,1120
"130","mmm","glm",5000,25,0.1,2,8,0.075,0.9,0,0,37,28,4972,1807,472,64
"131","mmm","glm",5000,50,0.1,2,8,0.075,0.9,0,0,88,62,4938,4614,1067,211
"132","mmm","glm",5000,100,0.1,2,8,0.075,0.9,0,0,113,81,4919,11167,2215,661
"133","mmm","glm",5000,25,0.1,8,2,0.1,0.9,0,0,196,55,4945,1102,708,394
"134","mmm","glm",5000,50,0.1,8,2,0.1,0.9,0,0,272,98,4902,2689,1637,1052
"135","mmm","glm",5000,100,0.1,8,2,0.1,0.9,0,0,310,112,4888,5603,3150,2453
"136","mmm","glm",5000,25,0.1,2,8,0.1,0.9,0,0,43,33,4967,3988,926,166
"137","mmm","glm",5000,50,0.1,2,8,0.1,0.9,0,0,80,55,4945,10277,2037,599
"138","mmm","glm",5000,100,0.1,2,8,0.1,0.9,0,0,91,71,4929,22668,3685,1896
"139","mmm","glm",5000,25,0.1,8,2,0.125,0.9,0,0,181,61,4939,2015,1254,761
"140","mmm","glm",5000,50,0.1,8,2,0.125,0.9,0,0,267,100,4900,4650,2696,1954
"141","mmm","glm",5000,100,0.1,8,2,0.125,0.9,0,0,365,132,4868,8353,4415,3938
"142","mmm","glm",5000,25,0.1,2,8,0.125,0.9,0,0,32,23,4977,7830,1643,427
"143","mmm","glm",5000,50,0.1,2,8,0.125,0.9,0,0,58,42,4958,19253,3277,1446
"144","mmm","glm",5000,100,0.1,2,8,0.125,0.9,0,0,85,61,4939,33481,4640,3506
"145","mmm","glm",5000,25,0.1,8,2,0.15,0.9,0,0,167,50,4950,3462,2041,1421
"146","mmm","glm",5000,50,0.1,8,2,0.15,0.9,0,0,288,100,4900,7024,3803,3221
"147","mmm","glm",5000,100,0.1,8,2,0.15,0.9,0,0,329,121,4879,9657,4889,4768
"148","mmm","glm",5000,25,0.1,2,8,0.15,0.9,0,0,48,33,4967,13578,2506,931
"149","mmm","glm",5000,50,0.1,2,8,0.15,0.9,0,0,85,67,4933,28535,4237,2683
"150","mmm","glm",5000,100,0.1,2,8,0.15,0.9,0,0,79,61,4939,38792,4949,4658
"151","mmm","glm",5000,25,0.1,8,2,0.175,0.9,0,0,169,62,4938,5174,2925,2249
"152","mmm","glm",5000,50,0.1,8,2,0.175,0.9,0,0,198,73,4927,8836,4582,4254
"153","mmm","glm",5000,100,0.1,8,2,0.175,0.9,0,0,442,145,4855,9961,4990,4971
"154","mmm","glm",5000,25,0.1,2,8,0.175,0.9,0,0,26,22,4978,20710,3433,1630
"155","mmm","glm",5000,50,0.1,2,8,0.175,0.9,0,0,85,63,4937,35468,4787,3878
"156","mmm","glm",5000,100,0.1,2,8,0.175,0.9,0,0,93,72,4928,39913,4998,4962
"157","mmm","glm",5000,25,0.1,8,2,0.2,0.9,0,0,172,54,4946,7110,3850,3260
"158","mmm","glm",5000,50,0.1,8,2,0.2,0.9,0,0,266,103,4897,9662,4899,4763
"159","mmm","glm",5000,100,0.1,8,2,0.2,0.9,0,0,408,137,4863,9999,5000,4999
"160","mmm","glm",5000,25,0.1,2,8,0.2,0.9,0,0,33,25,4975,27963,4171,2615
"161","mmm","glm",5000,50,0.1,2,8,0.2,0.9,0,0,65,49,4951,38711,4943,4631
"162","mmm","glm",5000,100,0.1,2,8,0.2,0.9,0,0,78,58,4942,39997,5000,4997
"163","mmm","glm",5000,25,0.1,8,2,0.001,0,0,0,37,37,4963,8,8,0
"164","mmm","glm",5000,50,0.1,8,2,0.001,0,0,0,100,99,4901,23,23,0
"165","mmm","glm",5000,100,0.1,8,2,0.001,0,0,0,147,146,4854,29,29,0
"166","mmm","glm",5000,25,0.1,2,8,0.001,0,0,0,12,12,4988,45,45,0
"167","mmm","glm",5000,50,0.1,2,8,0.001,0,0,0,22,22,4978,102,102,0
"168","mmm","glm",5000,100,0.1,2,8,0.001,0,0,0,46,46,4954,150,150,0
"169","mmm","glm",5000,25,0.1,8,2,0.025,0,0,0,47,47,4953,26,26,0
"170","mmm","glm",5000,50,0.1,8,2,0.025,0,0,0,98,97,4903,79,79,0
"171","mmm","glm",5000,100,0.1,8,2,0.025,0,0,0,152,147,4853,136,134,2
"172","mmm","glm",5000,25,0.1,2,8,0.025,0,0,0,9,9,4991,109,109,0
"173","mmm","glm",5000,50,0.1,2,8,0.025,0,0,0,18,18,4982,242,234,0
"174","mmm","glm",5000,100,0.1,2,8,0.025,0,0,0,39,39,4961,525,503,0
"175","mmm","glm",5000,25,0.1,8,2,0.05,0,0,0,46,46,4954,80,80,0
"176","mmm","glm",5000,50,0.1,8,2,0.05,0,0,0,74,74,4926,218,218,0
"177","mmm","glm",5000,100,0.1,8,2,0.05,0,0,0,143,142,4858,547,533,14
"178","mmm","glm",5000,25,0.1,2,8,0.05,0,0,0,15,15,4985,293,286,0
"179","mmm","glm",5000,50,0.1,2,8,0.05,0,0,0,32,32,4968,819,760,0
"180","mmm","glm",5000,100,0.1,2,8,0.05,0,0,0,40,40,4960,2296,1894,0
"181","mmm","glm",5000,25,0.1,8,2,0.075,0,0,0,35,35,4965,197,194,3
"182","mmm","glm",5000,50,0.1,8,2,0.075,0,0,0,94,93,4907,651,625,26
"183","mmm","glm",5000,100,0.1,8,2,0.075,0,0,0,152,150,4850,1863,1690,173
"184","mmm","glm",5000,25,0.1,2,8,0.075,0,0,0,7,7,4993,880,827,0
"185","mmm","glm",5000,50,0.1,2,8,0.075,0,0,0,24,24,4976,2616,2080,0
"186","mmm","glm",5000,100,0.1,2,8,0.075,0,0,0,38,38,4962,7618,4088,0
"187","mmm","glm",5000,25,0.1,8,2,0.1,0,0,0,36,36,4964,523,507,16
"188","mmm","glm",5000,50,0.1,8,2,0.1,0,0,0,82,81,4919,1645,1519,126
"189","mmm","glm",5000,100,0.1,8,2,0.1,0,0,0,171,170,4830,4486,3474,1012
"190","mmm","glm",5000,25,0.1,2,8,0.1,0,0,0,16,16,4984,2037,1718,0
"191","mmm","glm",5000,50,0.1,2,8,0.1,0,0,0,22,22,4978,6547,3818,0
"192","mmm","glm",5000,100,0.1,2,8,0.1,0,0,0,31,31,4969,17962,4961,9
"193","mmm","glm",5000,25,0.1,8,2,0.125,0,0,0,42,42,4958,1168,1099,69
"194","mmm","glm",5000,50,0.1,8,2,0.125,0,0,0,75,74,4926,3516,2920,596
"195","mmm","glm",5000,100,0.1,8,2,0.125,0,0,0,129,128,4872,7561,4681,2880
"196","mmm","glm",5000,25,0.1,2,8,0.125,0,0,0,12,12,4988,4654,3136,0
"197","mmm","glm",5000,50,0.1,2,8,0.125,0,0,0,22,22,4978,13849,4838,0
"198","mmm","glm",5000,100,0.1,2,8,0.125,0,0,0,19,19,4981,30248,5000,525
"199","mmm","glm",5000,25,0.1,8,2,0.15,0,0,0,40,40,4960,2261,2004,257
"200","mmm","glm",5000,50,0.1,8,2,0.15,0,0,0,91,90,4910,5864,4155,1709
"201","mmm","glm",5000,100,0.1,8,2,0.15,0,0,0,137,135,4865,9373,4979,4394
"202","mmm","glm",5000,25,0.1,2,8,0.15,0,0,0,13,13,4987,9091,4360,0
"203","mmm","glm",5000,50,0.1,2,8,0.15,0,0,0,21,21,4979,23617,4995,67
"204","mmm","glm",5000,100,0.1,2,8,0.15,0,0,0,31,31,4969,37625,5000,3093
"205","mmm","glm",5000,25,0.1,8,2,0.175,0,0,0,43,43,4957,3847,3102,745
"206","mmm","glm",5000,50,0.1,8,2,0.175,0,0,0,82,82,4918,8083,4801,3282
"207","mmm","glm",5000,100,0.1,8,2,0.175,0,0,0,139,137,4863,9941,5000,4941
"208","mmm","glm",5000,25,0.1,2,8,0.175,0,0,0,11,11,4989,15518,4903,0
"209","mmm","glm",5000,50,0.1,2,8,0.175,0,0,0,21,21,4979,32587,5000,993
"210","mmm","glm",5000,100,0.1,2,8,0.175,0,0,0,32,32,4968,39727,5000,4734
"211","mmm","glm",5000,25,0.1,8,2,0.2,0,0,0,42,41,4959,5786,4100,1686
"212","mmm","glm",5000,50,0.1,8,2,0.2,0,0,0,85,85,4915,9311,4982,4329
"213","mmm","glm",5000,100,0.1,8,2,0.2,0,0,0,149,148,4852,9997,5000,4997
"214","mmm","glm",5000,25,0.1,2,8,0.2,0,0,0,9,9,4991,23386,4997,62
"215","mmm","glm",5000,50,0.1,2,8,0.2,0,0,0,26,26,4974,37554,5000,3035
"216","mmm","glm",5000,100,0.1,2,8,0.2,0,0,0,34,34,4966,39983,5000,4983
"217","mmm","glm",5000,25,0.1,8,2,0.001,0.5,0,0,40,34,4966,14,14,0
"218","mmm","glm",5000,50,0.1,8,2,0.001,0.5,0,0,114,93,4907,28,27,1
"219","mmm","glm",5000,100,0.1,8,2,0.001,0.5,0,0,138,114,4886,46,43,3
"220","mmm","glm",5000,25,0.1,2,8,0.001,0.5,0,0,23,23,4977,54,48,0
"221","mmm","glm",5000,50,0.1,2,8,0.001,0.5,0,0,28,25,4975,131,107,0
"222","mmm","glm",5000,100,0.1,2,8,0.001,0.5,0,0,39,39,4961,174,142,0
"223","mmm","glm",5000,25,0.1,8,2,0.025,0.5,0,0,37,34,4966,25,24,1
"224","mmm","glm",5000,50,0.1,8,2,0.025,0.5,0,0,100,83,4917,66,64,2
"225","mmm","glm",5000,100,0.1,8,2,0.025,0.5,0,0,160,127,4873,120,112,8
"226","mmm","glm",5000,25,0.1,2,8,0.025,0.5,0,0,14,12,4988,151,113,0
"227","mmm","glm",5000,50,0.1,2,8,0.025,0.5,0,0,28,27,4973,296,217,0
"228","mmm","glm",5000,100,0.1,2,8,0.025,0.5,0,0,43,40,4960,496,356,0
"229","mmm","glm",5000,25,0.1,8,2,0.05,0.5,0,0,38,28,4972,101,94,7
"230","mmm","glm",5000,50,0.1,8,2,0.05,0.5,0,0,119,98,4902,227,204,23
"231","mmm","glm",5000,100,0.1,8,2,0.05,0.5,0,0,171,125,4875,617,535,82
"232","mmm","glm",5000,25,0.1,2,8,0.05,0.5,0,0,13,13,4987,422,300,0
"233","mmm","glm",5000,50,0.1,2,8,0.05,0.5,0,0,27,27,4973,1099,676,0
"234","mmm","glm",5000,100,0.1,2,8,0.05,0.5,0,0,46,46,4954,2428,1228,5
"235","mmm","glm",5000,25,0.1,8,2,0.075,0.5,0,0,64,47,4953,243,219,24
"236","mmm","glm",5000,50,0.1,8,2,0.075,0.5,0,0,115,93,4907,769,667,102
"237","mmm","glm",5000,100,0.1,8,2,0.075,0.5,0,0,131,116,4884,1991,1558,433
"238","mmm","glm",5000,25,0.1,2,8,0.075,0.5,0,0,14,14,4986,995,622,0
"239","mmm","glm",5000,50,0.1,2,8,0.075,0.5,0,0,32,32,4968,3143,1528,6
"240","mmm","glm",5000,100,0.1,2,8,0.075,0.5,0,0,50,50,4950,8301,2924,71
"241","mmm","glm",5000,25,0.1,8,2,0.1,0.5,0,0,48,39,4961,596,516,80
"242","mmm","glm",5000,50,0.1,8,2,0.1,0.5,0,0,107,85,4915,1941,1514,427
"243","mmm","glm",5000,100,0.1,8,2,0.1,0.5,0,0,171,134,4866,4677,3182,1495
"244","mmm","glm",5000,25,0.1,2,8,0.1,0.5,0,0,12,12,4988,2535,1271,2
"245","mmm","glm",5000,50,0.1,2,8,0.1,0.5,0,0,28,27,4973,7674,2817,37
"246","mmm","glm",5000,100,0.1,2,8,0.1,0.5,0,0,39,38,4962,18997,4351,492
"247","mmm","glm",5000,25,0.1,8,2,0.125,0.5,0,0,66,57,4943,1269,1040,229
"248","mmm","glm",5000,50,0.1,8,2,0.125,0.5,0,0,137,111,4889,3898,2745,1153
"249","mmm","glm",5000,100,0.1,8,2,0.125,0.5,0,0,164,127,4873,7782,4519,3263
"250","mmm","glm",5000,25,0.1,2,8,0.125,0.5,0,0,14,14,4986,5038,2117,15
"251","mmm","glm",5000,50,0.1,2,8,0.125,0.5,0,0,30,28,4972,15213,3981,263
"252","mmm","glm",5000,100,0.1,2,8,0.125,0.5,0,0,37,34,4966,30933,4937,1948
"253","mmm","glm",5000,25,0.1,8,2,0.15,0.5,0,0,54,39,4961,2457,1861,596
"254","mmm","glm",5000,50,0.1,8,2,0.15,0.5,0,0,134,115,4885,6314,3953,2361
"255","mmm","glm",5000,100,0.1,8,2,0.15,0.5,0,0,167,140,4860,9499,4946,4553
"256","mmm","glm",5000,25,0.1,2,8,0.15,0.5,0,0,14,14,4986,9408,3151,72
"257","mmm","glm",5000,50,0.1,2,8,0.15,0.5,0,0,36,34,4966,25258,4731,1032
"258","mmm","glm",5000,100,0.1,2,8,0.15,0.5,0,0,49,48,4952,38026,4998,3898
"259","mmm","glm",5000,25,0.1,8,2,0.175,0.5,0,0,53,47,4953,4039,2809,1230
"260","mmm","glm",5000,50,0.1,8,2,0.175,0.5,0,0,112,98,4902,8317,4663,3654
"261","mmm","glm",5000,100,0.1,8,2,0.175,0.5,0,0,166,144,4856,9942,4999,4943
"262","mmm","glm",5000,25,0.1,2,8,0.175,0.5,0,0,8,8,4992,16143,4084,284
"263","mmm","glm",5000,50,0.1,2,8,0.175,0.5,0,0,28,27,4973,33427,4955,2419
"264","mmm","glm",5000,100,0.1,2,8,0.175,0.5,0,0,50,46,4954,39768,5000,4819
"265","mmm","glm",5000,25,0.1,8,2,0.2,0.5,0,0,47,43,4957,5965,3791,2174
"266","mmm","glm",5000,50,0.1,8,2,0.2,0.5,0,0,131,111,4889,9482,4937,4545
"267","mmm","glm",5000,100,0.1,8,2,0.2,0.5,0,0,155,127,4873,9997,5000,4997
"268","mmm","glm",5000,25,0.1,2,8,0.2,0.5,0,0,14,13,4987,23206,4616,783
"269","mmm","glm",5000,50,0.1,2,8,0.2,0.5,0,0,25,24,4976,38049,4999,3869
"270","mmm","glm",5000,100,0.1,2,8,0.2,0.5,0,0,34,31,4969,39986,5000,4989
"271","mmm","glm",5000,25,0.1,8,2,0.001,0.9,0,0,189,63,4937,51,37,14
"272","mmm","glm",5000,50,0.1,8,2,0.001,0.9,0,0,301,103,4897,64,45,19
"273","mmm","glm",5000,100,0.1,8,2,0.001,0.9,0,0,354,134,4866,102,79,23
"274","mmm","glm",5000,25,0.1,2,8,0.001,0.9,0,0,36,26,4974,102,38,0
"275","mmm","glm",5000,50,0.1,2,8,0.001,0.9,0,0,58,47,4953,306,103,8
"276","mmm","glm",5000,100,0.1,2,8,0.001,0.9,0,0,82,65,4935,316,117,6
"277","mmm","glm",5000,25,0.1,8,2,0.025,0.9,0,0,166,57,4943,89,66,23
"278","mmm","glm",5000,50,0.1,8,2,0.025,0.9,0,0,326,107,4893,141,103,38
"279","mmm","glm",5000,100,0.1,8,2,0.025,0.9,0,0,354,124,4876,276,203,73
"280","mmm","glm",5000,25,0.1,2,8,0.025,0.9,0,0,47,34,4966,284,90,7
"281","mmm","glm",5000,50,0.1,2,8,0.025,0.9,0,0,67,52,4948,637,194,13
"282","mmm","glm",5000,100,0.1,2,8,0.025,0.9,0,0,79,60,4940,1022,314,29
"283","mmm","glm",5000,25,0.1,8,2,0.05,0.9,0,0,175,55,4945,221,156,65
"284","mmm","glm",5000,50,0.1,8,2,0.05,0.9,0,0,254,95,4905,444,303,141
"285","mmm","glm",5000,100,0.1,8,2,0.05,0.9,0,0,355,133,4867,1055,691,364
"286","mmm","glm",5000,25,0.1,2,8,0.05,0.9,0,0,27,20,4980,817,233,24
"287","mmm","glm",5000,50,0.1,2,8,0.05,0.9,0,0,67,51,4949,1666,469,61
"288","mmm","glm",5000,100,0.1,2,8,0.05,0.9,0,0,84,68,4932,4028,939,185
"289","mmm","glm",5000,25,0.1,8,2,0.075,0.9,0,0,103,34,4966,466,309,157
"290","mmm","glm",5000,50,0.1,8,2,0.075,0.9,0,0,290,106,4894,1190,774,416
"291","mmm","glm",5000,100,0.1,8,2,0.075,0.9,0,0,313,120,4880,2719,1656,1063
"292","mmm","glm",5000,25,0.1,2,8,0.075,0.9,0,0,38,29,4971,1901,488,71
"293","mmm","glm",5000,50,0.1,2,8,0.075,0.9,0,0,72,55,4945,4433,1065,206
"294","mmm","glm",5000,100,0.1,2,8,0.075,0.9,0,0,87,67,4933,11456,2228,731
"295","mmm","glm",5000,25,0.1,8,2,0.1,0.9,0,0,196,60,4940,1024,658,366
"296","mmm","glm",5000,50,0.1,8,2,0.1,0.9,0,0,251,106,4894,2571,1550,1021
"297","mmm","glm",5000,100,0.1,8,2,0.1,0.9,0,0,368,115,4885,5698,3206,2492
"298","mmm","glm",5000,25,0.1,2,8,0.1,0.9,0,0,37,26,4974,3786,892,176
"299","mmm","glm",5000,50,0.1,2,8,0.1,0.9,0,0,51,39,4961,10245,2041,625
"300","mmm","glm",5000,100,0.1,2,8,0.1,0.9,0,0,104,74,4926,22663,3701,1914
"301","mmm","glm",5000,25,0.1,8,2,0.125,0.9,0,0,176,53,4947,1965,1227,738
"302","mmm","glm",5000,50,0.1,8,2,0.125,0.9,0,0,357,114,4886,4794,2749,2045
"303","mmm","glm",5000,100,0.1,8,2,0.125,0.9,0,0,366,129,4871,8361,4420,3941
"304","mmm","glm",5000,25,0.1,2,8,0.125,0.9,0,0,38,29,4971,7964,1665,441
"305","mmm","glm",5000,50,0.1,2,8,0.125,0.9,0,0,72,53,4947,19354,3276,1492
"306","mmm","glm",5000,100,0.1,2,8,0.125,0.9,0,0,96,70,4930,33515,4646,3519
"307","mmm","glm",5000,25,0.1,8,2,0.15,0.9,0,0,246,73,4927,3483,2066,1417
"308","mmm","glm",5000,50,0.1,8,2,0.15,0.9,0,0,258,93,4907,7086,3836,3250
"309","mmm","glm",5000,100,0.1,8,2,0.15,0.9,0,0,287,110,4890,9676,4899,4777
"310","mmm","glm",5000,25,0.1,2,8,0.15,0.9,0,0,38,29,4971,13753,2490,935
"311","mmm","glm",5000,50,0.1,2,8,0.15,0.9,0,0,75,55,4945,28135,4208,2644
"312","mmm","glm",5000,100,0.1,2,8,0.15,0.9,0,0,108,78,4922,38656,4950,4619
"313","mmm","glm",5000,25,0.1,8,2,0.175,0.9,0,0,168,60,4940,5225,2963,2262
"314","mmm","glm",5000,50,0.1,8,2,0.175,0.9,0,0,263,100,4900,8873,4602,4271
"315","mmm","glm",5000,100,0.1,8,2,0.175,0.9,0,0,316,109,4891,9972,4995,4977
"316","mmm","glm",5000,25,0.1,2,8,0.175,0.9,0,0,43,31,4969,20799,3400,1694
"317","mmm","glm",5000,50,0.1,2,8,0.175,0.9,0,0,64,47,4953,35426,4765,3884
"318","mmm","glm",5000,100,0.1,2,8,0.175,0.9,0,0,73,51,4949,39871,4996,4958
"319","mmm","glm",5000,25,0.1,8,2,0.2,0.9,0,0,140,43,4957,7063,3831,3232
"320","mmm","glm",5000,50,0.1,8,2,0.2,0.9,0,0,300,92,4908,9696,4901,4795
"321","mmm","glm",5000,100,0.1,8,2,0.2,0.9,0,0,346,132,4868,9996,4999,4997
"322","mmm","glm",5000,25,0.1,2,8,0.2,0.9,0,0,48,31,4969,27858,4166,2565
"323","mmm","glm",5000,50,0.1,2,8,0.2,0.9,0,0,73,53,4947,38828,4961,4627
"324","mmm","glm",5000,100,0.1,2,8,0.2,0.9,0,0,80,58,4942,39995,5000,4997
